English,Chinese,Source,LineNo
AAAAAAAAA AAAAAAHH!!!,保留原文,07_Glossary/Master_Glossary.md,447
ACCORDING TO INTERNAL MONITORS THERE ARE NO MALFUNCTIONS,依 內部監控 顯示 無 故障,02_Races/Slylandro_Probe.md,148
AGGH!,噁——！,07_Glossary/Master_Glossary.md,444
AIEE!,啊咿——！,02_Races/Ilwrath.md,126
AIEE!,啊,02_Races/Zoq_Fot_Pik.md,143
AIEE!,待譯,08_Translation_Rules/Alien_Speech_Rule.md,38
AIEE!! MY ARMS!! WHO HAS STOLEN MY ARMS!!!,啊咿,02_Races/Umgah.md,145
AIEEE! / AIEEEEE!!!,啊咦咦咦咦──！！！,07_Glossary/Master_Glossary.md,446
ALIEN SPECIES / ALIEN LIFE FORMS / LIFE FORM,外星物種 / 外星生命體 / 生命體,02_Races/Slylandro_Probe.md,146
ALL SYSTEMS REPORT NORMAL FUNCTION,所有系統 回報 正常 功能,02_Races/Slylandro_Probe.md,150
AWK!,呱,02_Races/Yehat.md,125
AWK!,嗄,08_Translation_Rules/Alien_Speech_Rule.md,522
Absorbine Junior,足爽,07_Glossary/Master_Glossary.md,127
Admiral,上將 / 提督,01_World_Lore/Political_System.md,99
Admiral ZEX,澤克斯,07_Glossary/Fixed_Terms.csv,49
Admiral ZEX / General ZEX / ZEX,澤克斯,07_Glossary/Master_Glossary.md,152
Afterburner,後燃器,07_Glossary/Master_Glossary.md,328
Afterburner Trail,後燃燒尾焰,07_Glossary/Tech_Names.md,50
Afterburner Trail,後燃燒尾焰,07_Glossary/Fixed_Terms.csv,111
Agony / Pain,痛苦,02_Races/Ilwrath.md,130
Ah,啊,02_Races/VUX.md,180
Ahhh-YING!,保留原文,07_Glossary/Master_Glossary.md,389
Aiee!,呀依,03_Characters/Fwiffo.md,70
Aieee!,哎唷唷,02_Races/Druuge.md,186
Aieee!,啊咦！,03_Characters/Talking_Pet.md,114
Aieee!,恐懼／驚呼,07_Glossary/Master_Glossary.md,419
Aieee!,待譯,08_Translation_Rules/Alien_Speech_Rule.md,37
Aieee!,Aieee!,07_Glossary/Fixed_Terms.csv,200
Ala-la'la,阿拉-啦-啦,02_Races/Supox.md,182
Alas! / Woe is us!,痛哉！,02_Races/Utwig.md,116
Alliance of Free Stars,自由星系聯盟,07_Glossary/Master_Glossary.md,300
Alliance of Free Stars,自由星系聯盟,07_Glossary/Fixed_Terms.csv,142
Alpha Centauri,半人馬座,06_Locations/Star_Systems.md,40
Alpha Centauri,半人馬座 α,07_Glossary/Place_Names.md,32
Alpha Centauri,半人馬座,09_AI_Prompt/Translate_Lore.md,151
Alpha Centauri,半人馬座 α,07_Glossary/Fixed_Terms.csv,170
Alpha Cerenkov,契倫科夫 α,07_Glossary/Master_Glossary.md,269
Alpha Chenjesu,晶智族星系,06_Locations/Star_Systems.md,50
Alpha Pavonis,孔雀座,06_Locations/Star_Systems.md,39
Alpha Pavonis,孔雀座 α,07_Glossary/Master_Glossary.md,273
Alpha Pavonis,孔雀座 α,07_Glossary/Place_Names.md,35
Alpha Pavonis,孔雀座 α,07_Glossary/Fixed_Terms.csv,173
Alpha Tucanae,阿爾法·杜鵑座,02_Races/Zoq_Fot_Pik.md,160
Alpha Tucanae,杜鵑座,06_Locations/Star_Systems.md,38
Alpha Tucanae,杜鵑座 α,07_Glossary/Master_Glossary.md,272
Alpha Tucanae,杜鵑座 α,07_Glossary/Place_Names.md,34
Alpha Tucanae,杜鵑座 α,07_Glossary/Fixed_Terms.csv,172
Alpha Velae,船帆座 α,07_Glossary/Place_Names.md,40
Androsynth,中已滅絕,00_Project_Control/Dossier_Revision_Progress.md,92
Androsynth,中已滅絕,00_Project_Control/Dossier_Voice_Audit_2026-08-15.md,82
Androsynth,無,00_Project_Control/Dossier_Voice_Audit_2026-08-15.md,159
Androsynth,安卓辛族,07_Glossary/Master_Glossary.md,59
Androsynth,安卓辛族,07_Glossary/Fixed_Terms.csv,22
Anti-Missile System,反導彈系統,05_Technology/Ship_Modules.md,63
Anti-Missile System,反導彈系統,07_Glossary/Tech_Names.md,112
Antimat Thruster,反物質推進器,05_Technology/Ship_Modules.md,14
Antimat Thruster,反物質推進器,07_Glossary/Tech_Names.md,74
Antimatter,反物質,01_World_Lore/Technology_Level.md,21
Antimatter Cone,反物質錐,07_Glossary/Tech_Names.md,34
Antimatter Cone,反物質錐,07_Glossary/Fixed_Terms.csv,94
Antimatter Spray,反物質吐射,07_Glossary/Tech_Names.md,57
Antimatter Spray,反物質吐射,07_Glossary/Fixed_Terms.csv,117
Aqua Helix,水靈螺旋,02_Races/Thraddash.md,183
Aqua Helix,蔚藍螺旋,07_Glossary/Master_Glossary.md,228
Aqua Helix,蔚藍螺旋,07_Glossary/Tech_Names.md,15
Arcturus,大角星,06_Locations/Star_Systems.md,43
Arcturus,大角星,07_Glossary/Master_Glossary.md,277
Arcturus,大角星,07_Glossary/Place_Names.md,29
Arcturus,大角星,09_AI_Prompt/Translate_Lore.md,148
Arcturus,大角星,07_Glossary/Fixed_Terms.csv,167
Arilou,半正式,00_Project_Control/Dossier_Voice_Audit_2026-08-15.md,60
Arilou,阿麗露,07_Glossary/Master_Glossary.md,52
Arilou,阿麗露,07_Glossary/Fixed_Terms.csv,13
Arilou Lalee'lay,阿麗露拉利雷,02_Races/Arilou.md,137
Arilou Lalee'lay,阿麗露·萊蕾,07_Glossary/Fixed_Terms.csv,14
Ariloulaleelay,阿里羅拉利雷,02_Races/Umgah.md,142
"Arrgh, you hideous monsters, vegetarians, defilers of the leaf!",啊,02_Races/Supox.md,190
Augh! / AUGH!,噁！,07_Glossary/Master_Glossary.md,443
Augh! / Ugh! / Yuck!,噁,02_Races/VUX.md,115
Auto-Tracking,自動追蹤,01_World_Lore/Technology_Level.md,43
Auto-Tracking Module,自動追蹤模組,07_Glossary/Master_Glossary.md,369
Autotracking Laser,自動追蹤雷射,07_Glossary/Tech_Names.md,43
Autotracking Laser,自動追蹤雷射,07_Glossary/Fixed_Terms.csv,104
Avatar,復仇號,07_Glossary/Fixed_Terms.csv,65
Avatar / Avatar-class fighting ship,化身艦,02_Races/Chmmr.md,110
Avatar / Avenger,復仇號,04_Ships/Alliance_Ships.md,138
Avatar / Avenger,復仇號,07_Glossary/Master_Glossary.md,177
Avatar / Avenger,復仇號,07_Glossary/Ship_Names.md,14
Avenger,復仇者,02_Races/Ilwrath.md,138
Avenger,復仇者,04_Ships/Hierarchy_Ships.md,155
Avenger,復仇者,07_Glossary/Master_Glossary.md,187
Avenger,復仇者,07_Glossary/Ship_Names.md,33
Avenger,復仇者,07_Glossary/Fixed_Terms.csv,75
BEHAVIOR FOLLOWS DICTATED PRIORITIES,行為 遵循 指定優先權,02_Races/Slylandro_Probe.md,136
BGAK!,啊嘧,08_Translation_Rules/Alien_Speech_Rule.md,33
BRAAK!,呱,02_Races/Yehat.md,124
BRAAK!,呐,08_Translation_Rules/Alien_Speech_Rule.md,521
BRAK!,呱咧,02_Races/Yehat.md,126
BURNING RAGE!,燃燒的怒火！,02_Races/Syreen.md,248
BUTT Missile,屁彈飛彈,04_Ships/Hierarchy_Ships.md,157
BUTT Missile,屁彈飛彈,07_Glossary/Master_Glossary.md,234
BUTT Missile,屁彈飛彈,07_Glossary/Tech_Names.md,33
BUTT Missile,屁彈飛彈,07_Glossary/Fixed_Terms.csv,93
BUTT missile,屁彈飛彈,03_Characters/Fwiffo.md,73
Backup Battery,備用電池,05_Technology/Ship_Modules.md,55
Backup Battery,備用電池,07_Glossary/Tech_Names.md,109
Banzai!,萬歲,02_Races/Shofixti.md,136
Banzai!,日式榮譽呼喊,07_Glossary/Master_Glossary.md,428
Banzai!,萬歲,08_Translation_Rules/Alien_Speech_Rule.md,31
Banzai!,Banzai!,07_Glossary/Fixed_Terms.csv,209
Base Metals,基本金屬,05_Technology/Resource_Elements.md,23
Batteries,電池,01_World_Lore/Technology_Level.md,40
Battle Thrall,戰奴,02_Races/Ur_Quan.md,80
Battle Thrall,戰奴,02_Races/Ur_Quan_Kzer_Za.md,116
Battle Thrall,戰奴,07_Glossary/Master_Glossary.md,307
Battle Thrall,戰奴,07_Glossary/Tech_Names.md,146
Battle Thrall,戰奴,07_Glossary/Fixed_Terms.csv,145
"Begone, or we shall uproot you!",走開,02_Races/Supox.md,192
Behemoth,巨獸,04_Ships/Neutral_Ships.md,168
Behemoth,巨獸,07_Glossary/Master_Glossary.md,197
Behemoth,巨獸,07_Glossary/Ship_Names.md,51
Behemoth,巨獸,07_Glossary/Fixed_Terms.csv,84
Benteflork,本鐵佛克,03_Characters/Talking_Pet.md,101
Benteflork,本鐵佛克,03_Characters/Talking_Pet.md,306
Benteflork,本鐵佛克,07_Glossary/Master_Glossary.md,87
Beta Brahe,第谷 β,07_Glossary/Master_Glossary.md,279
Beta Brahe,第谷 β,07_Glossary/Place_Names.md,45
Beta Brahe,布拉赫 β,07_Glossary/Fixed_Terms.csv,179
Beta Corvi,烏鴉座,06_Locations/Star_Systems.md,47
Beta Corvi,烏鴉座 β,07_Glossary/Master_Glossary.md,274
Beta Corvi,烏鴉座 β,07_Glossary/Place_Names.md,36
Beta Corvi,烏鴉座 β,07_Glossary/Fixed_Terms.csv,174
Beta Leporis,天兔座,02_Races/Supox.md,203
Betelgeuse,參宿四,06_Locations/Star_Systems.md,34
Betelgeuse,參宿四,07_Glossary/Master_Glossary.md,265
Betelgeuse,參宿四,07_Glossary/Place_Names.md,27
Betelgeuse,參宿四,09_AI_Prompt/Translate_Lore.md,144
Betelgeuse,參宿四,07_Glossary/Fixed_Terms.csv,165
Big Plan,大計畫,02_Races/Umgah.md,136
Big deal!,大不了,03_Characters/Talking_Pet.md,120
Big deal! So what,那又怎樣？ 沒什麼大不了的。,02_Races/Dnyarri.md,193
Bio-Repair Bay,生物修復艙,05_Technology/Ship_Modules.md,56
Bio-Repair Bay,生物修復艙,07_Glossary/Tech_Names.md,110
Bio-data,生物資料,01_World_Lore/Technology_Level.md,34
Biological Data,生物資料,05_Technology/Resource_Elements.md,39
Birth breathes warmth across a cold world,誕生為冷寂世界吹入溫暖,02_Races/Mycon.md,145
Birthing Fleet,孵化艦隊,02_Races/Mycon.md,133
Birthing Fleet,孕育艦隊,07_Glossary/Master_Glossary.md,130
Blade,鋒刃艦,04_Ships/Neutral_Ships.md,160
Blade,鐢刃艦,07_Glossary/Master_Glossary.md,191
Blade,鐢刃艦,07_Glossary/Ship_Names.md,43
Blade,鋒刃艦,07_Glossary/Fixed_Terms.csv,79
Blaster,爆能砲,07_Glossary/Master_Glossary.md,368
Blaster,爆能砲,07_Glossary/Tech_Names.md,101
Blazer Form,燃燒衝撞形態,07_Glossary/Tech_Names.md,38
Blazer Form,燃燒衝撞形態,07_Glossary/Fixed_Terms.csv,98
Blazing Guns of Glory,榮耀烈焰砲號,02_Races/Thraddash.md,195
Blood / Flesh,鮮血 / 血肉,02_Races/Ilwrath.md,131
Blood for Dogar! / Agony for Kazon!,鮮血獻予多加！ 痛苦獻予卡宗！,02_Races/Ilwrath.md,124
Braky Girdy the First,布拉基·葛迪一世,07_Glossary/Master_Glossary.md,396
Broodhome,母巢艦,04_Ships/Alliance_Ships.md,136
Broodhome,母巢艦,07_Glossary/Master_Glossary.md,175
Broodhome,母巢艦,07_Glossary/Ship_Names.md,12
Broodhome,母巢艦,07_Glossary/Fixed_Terms.csv,62
Bubble Cannon,泡泡彈,07_Glossary/Tech_Names.md,37
Bubble Cannon,泡泡彈,07_Glossary/Fixed_Terms.csv,97
Bummer,真衰,02_Races/Zoq_Fot_Pik.md,139
Buppo,布波,02_Races/Zoq_Fot_Pik.md,157
Burvixese,布維族,07_Glossary/Master_Glossary.md,74
Burvixese,布維族,07_Glossary/Master_Glossary.md,393
Burvixese,布維族,07_Glossary/Fixed_Terms.csv,38
CLACK!,咔咧,02_Races/Yehat.md,130
COWABUNGA,牛轟啊！,02_Races/Syreen.md,242
Caer Zeep-Reep,凱爾茲皮里普,02_Races/Yehat.md,140
Cannon,重砲,07_Glossary/Tech_Names.md,46
Cannon,重砲,07_Glossary/Tech_Names.md,51
Cannon,重砲,07_Glossary/Fixed_Terms.csv,107
Cannon Turret,火砲砲塔,05_Technology/Ship_Modules.md,47
Cannon Turret,火砲砲塔,07_Glossary/Tech_Names.md,98
Canopy,樹冠,02_Races/Supox.md,173
Captain,艦長,01_World_Lore/Political_System.md,97
Captain,艦長,03_Characters/Commander_Hayes.md,64
Captain,艦長,03_Characters/Talana.md,67
Captain Burton,巴頓艦長,07_Glossary/Fixed_Terms.csv,51
Captain Chi,齊船長,07_Glossary/Fixed_Terms.csv,53
Captain Chi / Mr. Chi,齊船長,07_Glossary/Master_Glossary.md,158
Captain Chudd / Grah / Korgk,恰德艦長／格拉／柯格克,02_Races/Thraddash.md,197
Captain I. Burton,巴頓艦長,07_Glossary/Master_Glossary.md,157
Captain I. Burton,巴頓艦長,07_Glossary/Fixed_Terms.csv,52
Captain Rand,蘭德艦長,07_Glossary/Master_Glossary.md,160
Captain Rand,蘭德艦長,07_Glossary/Fixed_Terms.csv,56
Cdr. Hayes,海斯艦長,07_Glossary/Fixed_Terms.csv,44
Celts / children of the Celts,凱爾特人 / 凱爾特孩子,02_Races/Arilou.md,129
Ceremony of Consumption,吞噬儀式,02_Races/Ilwrath.md,132
Ceres Base,穀神星基地,07_Glossary/Master_Glossary.md,292
Ceres Base,穀神星基地,07_Glossary/Place_Names.md,15
Channel 44,44 號頻道,02_Races/Ilwrath.md,123
Cheep-Guava,奇普-瓜瓦,07_Glossary/Master_Glossary.md,394
Chenjesu,全小寫,00_Project_Control/Dossier_Voice_Audit_2026-08-15.md,105
Chenjesu,合併,00_Project_Control/Dossier_Voice_Audit_2026-08-15.md,161
Chenjesu,晶智族,07_Glossary/Master_Glossary.md,47
Chenjesu,全小寫詩意冥想,08_Translation_Rules/Alien_Speech_Rule.md,92
Chenjesu,晶智族,07_Glossary/Fixed_Terms.csv,7
Chief Groo,首領古魯,07_Glossary/Master_Glossary.md,109
Chimt,欽特,07_Glossary/Master_Glossary.md,103
Chinz-Rahl celebration,欽茲拉爾（Chinz-Rahl）慶典,07_Glossary/Master_Glossary.md,107
Chmmr,全大寫神諭體,00_Project_Control/Dossier_Voice_Audit_2026-08-15.md,108
Chmmr,融合前,00_Project_Control/Dossier_Voice_Audit_2026-08-15.md,136
Chmmr,查姆族,07_Glossary/Master_Glossary.md,49
Chmmr,全大寫神諭體,08_Translation_Rules/Alien_Speech_Rule.md,91
Chmmr,查姆族,07_Glossary/Fixed_Terms.csv,9
Clan,氏族,02_Races/Yehat.md,138
Cleanse / Cleansing,淨化,02_Races/Ur_Quan_Kohr_Ah.md,112
Clear Spindle,澄澈紡錐,07_Glossary/Master_Glossary.md,229
Clear Spindle,澄澈紡錘,07_Glossary/Tech_Names.md,16
Cloaking Device,隱形裝置,02_Races/Ilwrath.md,137
Commander,指揮官 / 艦長,01_World_Lore/Political_System.md,98
Commander Hayes,海斯艦長,07_Glossary/Fixed_Terms.csv,43
Commander Hayes / Cdr. Hayes,海斯艦長,07_Glossary/Master_Glossary.md,148
Common Metals,一般金屬,05_Technology/Resource_Elements.md,11
Confusion Beam,迷亂光束,07_Glossary/Tech_Names.md,53
Confusion Beam,迷亂光束,07_Glossary/Fixed_Terms.csv,113
"Consider it, and consider well",好好考慮,03_Characters/Trade_Master_Greenish.md,73
"Consider it, and consider well","好好考慮,仔細考慮",07_Glossary/Master_Glossary.md,388
Contract,合約,02_Races/Druuge.md,172
Corrosives,腐蝕物,05_Technology/Resource_Elements.md,17
Cosmic aura,宇宙氣場,02_Races/Pkunk.md,76
Creators,造物主,02_Races/Mycon.md,143
Creators,創世者,07_Glossary/Master_Glossary.md,133
Credits,信用點數,07_Glossary/Fixed_Terms.csv,136
Credits / Interstar Credits,星幣,03_Characters/Trade_Master_Greenish.md,69
Credits / Interstar Credits,星幣,05_Technology/Resource_Elements.md,47
Credits / Interstar Credits,星幣,07_Glossary/Tech_Names.md,137
Crew Pod,船員艙,01_World_Lore/Technology_Level.md,41
Crew Pod,船員艙,05_Technology/Ship_Modules.md,35
Crew Pod,船員艙,07_Glossary/Master_Glossary.md,374
Crew Pod,船員艙,07_Glossary/Tech_Names.md,88
Crew Pod,船員艙,07_Glossary/Fixed_Terms.csv,138
Crimson Corporation,血紅集團,02_Races/Druuge.md,175
Crimson Corporation,血紅集團,07_Glossary/Master_Glossary.md,316
Crimson Corporation,紅色財團,07_Glossary/Fixed_Terms.csv,154
Cripes!,唉唷,02_Races/Zoq_Fot_Pik.md,134
Cripes! We've been through this a million times!,唉唷,02_Races/Zoq_Fot_Pik.md,144
Cruel Monster! Bloated Villain! Slicer of innocent throats!,殘忍的怪物,02_Races/Druuge.md,187
Culture Nineteen,第十九文化,07_Glossary/Master_Glossary.md,323
Culture Nineteen,第十九文化,07_Glossary/Fixed_Terms.csv,155
Culture Nineteen / Twelve / Three / etc,第十九文化／第十二文化／第三文化,02_Races/Thraddash.md,178
Culture Twenty,第二十文化,02_Races/Thraddash.md,193
Culture Twenty,第二十文化,07_Glossary/Master_Glossary.md,331
Culture Two/Three/.../Twenty,第X文化,07_Glossary/Master_Glossary.md,324
Cutter,切割艦,04_Ships/Neutral_Ships.md,167
Cutter,切割艦,07_Glossary/Master_Glossary.md,196
Cutter,切割艦,07_Glossary/Ship_Names.md,50
Cutter,切割艦,07_Glossary/Fixed_Terms.csv,83
DEFENSE SYSTEM HAS BEEN ENGAGED,防禦系統已啟動,02_Races/Slylandro_Probe.md,133
DESTROY THE SA-MATRA!,摧毀薩馬特拉！,02_Races/Chmmr.md,117
DO NOT FEAR. WE SHALL NOT HARM YOU,請勿驚懼。 我方將不傷害你。,02_Races/Slylandro_Probe.md,124
DOGI,自導引拒斥獵射殺器,02_Races/Chenjesu.md,115
DRAHNASA,德拉納薩,02_Races/Slylandro_Probe.md,128
Daikon,蘿蔔,02_Races/Shofixti.md,137
Daikon,蘿蔔,07_Glossary/Fixed_Terms.csv,59
Dang!,啐！,03_Characters/Talking_Pet.md,122
Data analyzed,數據分析完畢,02_Races/Mmrnmhrm.md,77
Death March,死亡進軍,02_Races/Ur_Quan_Kohr_Ah.md,118
Deep Child,深層幼體,02_Races/Druuge.md,208
Deep Child,深子,07_Glossary/Tech_Names.md,20
Deep Child / Deep Children,深層幼體,07_Glossary/Master_Glossary.md,119
Deep Children,深層幼體,02_Races/Mycon.md,130
Deep Children,深淵之子,02_Races/Syreen.md,239
Definition of Starship Derelicts,星艦廢船之定義,02_Races/Druuge.md,177
Deific Duo / Arch-Deific Duo,雙神 / 至尊雙神,02_Races/Ilwrath.md,136
Delta Crateris,巨爵座,06_Locations/Star_Systems.md,46
Delta Crateris,巨爵座 δ,07_Glossary/Master_Glossary.md,275
Delta Crateris,巨爵座 δ,07_Glossary/Place_Names.md,37
Delta Crateris,巨爵座 δ,07_Glossary/Fixed_Terms.csv,175
Delta Lyncis,天貓座 δ,07_Glossary/Master_Glossary.md,268
Delta Vulpeculae,狐狸座,06_Locations/Star_Systems.md,36
Delta Vulpeculae,狐狸座 δ,07_Glossary/Place_Names.md,38
Delta Vulpeculae,狐狸座 δ,07_Glossary/Fixed_Terms.csv,176
Deneb,天津四,09_AI_Prompt/Translate_Lore.md,150
Depart,離開。,02_Races/Druuge.md,170
Depart,走開,03_Characters/Admiral_ZEX.md,73
Dgrunti,蒂格倫提,07_Glossary/Master_Glossary.md,469
Dgrunti,蒂格倫提,07_Glossary/Fixed_Terms.csv,198
Dhrang,保留原文,07_Glossary/Master_Glossary.md,468
Dhrang,Dhrang,07_Glossary/Fixed_Terms.csv,197
Diani,迪安妮,02_Races/Syreen.md,252
Dnyarri,假,00_Project_Control/Dossier_Voice_Audit_2026-08-15.md,135
Dnyarri,蟾亞,02_Races/Ur_Quan_Kzer_Za.md,127
Dnyarri,蟾亞,03_Characters/Talking_Pet.md,95
Dnyarri,蟾亞族,03_Characters/Talking_Pet.md,304
Dnyarri,蟾亞族,07_Glossary/Master_Glossary.md,70
Dnyarri,蟾亞族,07_Glossary/Fixed_Terms.csv,33
Doctrinal Conflict / Doctrinal War,教義戰爭,07_Glossary/Master_Glossary.md,101
Doctrinal War,教義戰爭,07_Glossary/Fixed_Terms.csv,147
Doctrinal War / Doctrinal Conflict,教義戰爭,07_Glossary/Master_Glossary.md,309
Doctrinal War / Doctrinal Conflict,教義戰爭,08_Translation_Rules/Alien_Speech_Rule.md,156
Doctrine,教義,02_Races/Ur_Quan.md,78
Doctrine / Doctrinal War,教義 / 教義戰爭,02_Races/Ur_Quan_Kzer_Za.md,114
Doctrine of Extermination,滅絕派,07_Glossary/Master_Glossary.md,311
Doctrine of Extermination,滅絕派,07_Glossary/Tech_Names.md,150
Doctrine of Extermination,滅絕派,07_Glossary/Fixed_Terms.csv,149
Doctrine of Slavery,奴役派,07_Glossary/Master_Glossary.md,310
Doctrine of Slavery,奴役派,07_Glossary/Tech_Names.md,149
Doctrine of Slavery,奴役派,07_Glossary/Fixed_Terms.csv,148
Dogar,多加,02_Races/Ilwrath.md,117
Dogar,多加,07_Glossary/Master_Glossary.md,343
Dogar,多加,08_Translation_Rules/Alien_Speech_Rule.md,143
Dogar,多加,07_Glossary/Fixed_Terms.csv,157
Dogar The Black,黑色的多加,02_Races/Ilwrath.md,119
Dogar and Kazon routine,多加與卡宗把戲,02_Races/Umgah.md,144
Double bummer!,雙重衰,02_Races/Zoq_Fot_Pik.md,140
Draconis,天龍座,06_Locations/Star_Systems.md,44
Draconis,天龍座,07_Glossary/Master_Glossary.md,276
Draconis,天龍座,07_Glossary/Place_Names.md,31
Draconis,天龍座,07_Glossary/Fixed_Terms.csv,169
Drahn,保留原文,02_Races/Slylandro.md,73
Drall,卓爾族,07_Glossary/Master_Glossary.md,75
Drall,卓爾族,07_Glossary/Fixed_Terms.csv,39
Dramya,卓米雅,07_Glossary/Master_Glossary.md,364
Dravatz,卓瓦茲,03_Characters/Safe_Ones_High_Council.md,99
Dreadnought,無畏艦,02_Races/Ur_Quan_Kzer_Za.md,121
Dreadnought,無畏艦,04_Ships/Hierarchy_Ships.md,148
Dreadnought,無畏艦,07_Glossary/Master_Glossary.md,173
Dreadnought,無畏艦,07_Glossary/Ship_Names.md,26
Dreadnought,無畏艦,07_Glossary/Fixed_Terms.csv,60
Drell,卓爾,07_Glossary/Master_Glossary.md,105
Dribble-Down effect,「涓滴」效應,07_Glossary/Master_Glossary.md,322
Dribble-Down' effect,「涓滴」效應,02_Races/Druuge.md,181
Drift / Float,漂浮 / 漂流,02_Races/Slylandro.md,74
Drone,蜂機艦,04_Ships/Hierarchy_Ships.md,152
Drone,蜂機艦,07_Glossary/Master_Glossary.md,184
Drone,蜂機艦,07_Glossary/Ship_Names.md,30
Drone,蜂機艦,07_Glossary/Fixed_Terms.csv,72
Drone / Umgah Drone,無人機,02_Races/Umgah.md,143
Druuge,商業敬語,00_Project_Control/Dossier_Voice_Audit_2026-08-15.md,68
Druuge,毒賈族,07_Glossary/Master_Glossary.md,66
Druuge,毒賈族,07_Glossary/Fixed_Terms.csv,29
"Druuge Statute 3183 - subsection B2, Legal Circumstances Permitting Unwarranted Attack",毒賈條例 3183 號－B2 分項〈允許無因攻擊之法定情境〉,07_Glossary/Master_Glossary.md,319
Druuge Statute 3429 - subsection A86,毒賈條例 3429 號－A86 分項,02_Races/Druuge.md,176
"Druuge Statute 3429 - subsection A86, Definition of Starship Derelicts",毒賈條例 3429 號－A86 分項〈星艦廢船之定義〉,07_Glossary/Master_Glossary.md,318
Dugee,杜奇,07_Glossary/Master_Glossary.md,123
Dust,塵埃 / 塵土,02_Races/Ur_Quan_Kohr_Ah.md,114
Dust World,塵行星,06_Locations/Planet_Types.md,14
Dust World,塵行星,07_Glossary/Place_Names.md,75
Dynamic Triangle,機動三角陣,07_Glossary/Master_Glossary.md,404
Dynamo,發電機,01_World_Lore/Technology_Level.md,42
Dynamo,能量發電機模組,07_Glossary/Master_Glossary.md,373
Dynamo Unit,發電機,05_Technology/Ship_Modules.md,54
Dynamo Unit,發電機,07_Glossary/Tech_Names.md,108
ENACTING THIRD LAW,執行第三定律。,02_Races/Slylandro_Probe.md,130
ENACTING THIRD LAW,執行第三定律（自保）。,07_Glossary/Master_Glossary.md,406
END CONTACT SUB-SEQUENCE,接觸 子程序 結束,02_Races/Slylandro_Probe.md,144
END OF MISSION DESCRIPTION,任務 說明 結束,02_Races/Slylandro_Probe.md,143
ENGAGING SELF-ANNIHILATION CIRCUIT,啟動 自毀 迴路,02_Races/Slylandro_Probe.md,145
Earth,地球,07_Glossary/Master_Glossary.md,260
Earth,地球,07_Glossary/Place_Names.md,13
Earth,地球,07_Glossary/Fixed_Terms.csv,162
Eat Flaming Death You Gravy Sucking Pig!,去吃烈焰死亡吧,02_Races/Thraddash.md,199
Eeeeh!,咿咿,03_Characters/Fwiffo.md,69
Eluder,迴避者,04_Ships/Hierarchy_Ships.md,151
Eluder,迴避者,07_Glossary/Master_Glossary.md,183
Eluder,迴避者,07_Glossary/Ship_Names.md,29
Eluder,迴避者,09_AI_Prompt/Reaudit_Dialogue.md,431
Eluder,迴避者,07_Glossary/Fixed_Terms.csv,71
Emperor / Empress,皇帝 / 女皇,01_World_Lore/Political_System.md,100
Empress / Queen,女皇陛下 / 女皇,02_Races/Yehat.md,141
Endurance,耐受 / 持續,02_Races/Mmrnmhrm.md,81
Epsilon Camelopardalis,鹿豹座,06_Locations/Star_Systems.md,48
Epsilon Camelopardalis,鹿豹座 ε,07_Glossary/Place_Names.md,42
Escape Pod,逃生艙,01_World_Lore/Technology_Level.md,36
Eternal Doctrine,永恆教條,02_Races/Ur_Quan.md,84
Eternal Doctrine,永恆教條,02_Races/Ur_Quan_Kohr_Ah.md,117
Eternal Doctrine,永恆教條,07_Glossary/Master_Glossary.md,313
Eternal Doctrine,永恆教條,07_Glossary/Master_Glossary.md,355
Eternal Doctrine,永恆教條,08_Translation_Rules/Alien_Speech_Rule.md,155
Eternal Doctrine,永恆教條,07_Glossary/Fixed_Terms.csv,151
Evil Ones,邪惡者,03_Characters/Safe_Ones_High_Council.md,87
Exceptional bargain,絕無僅有的超值優惠,02_Races/Druuge.md,174
Excruciator,極痛裝置,02_Races/Ur_Quan.md,82
Excruciator,極痛裝置,02_Races/Ur_Quan_Kzer_Za.md,122
Excruciator,極痛裝置,03_Characters/Talking_Pet.md,106
Excruciator,極痛裝置,03_Characters/Talking_Pet.md,312
Excruciator,苦刑器,07_Glossary/Master_Glossary.md,92
Excruciator,見上,07_Glossary/Master_Glossary.md,232
Excruciator,極痛裝置,07_Glossary/Tech_Names.md,21
Excruciator,極痛裝置,07_Glossary/Tech_Names.md,151
Exotic Elements,特殊元素,05_Technology/Resource_Elements.md,33
Experiment / Genetic Modification,實驗 / 基因改造,02_Races/Umgah.md,139
F.R.I.E.D. Blades,旋轉刀刃,07_Glossary/Tech_Names.md,30
F.R.I.E.D. Blades,旋轉刀刃,07_Glossary/Fixed_Terms.csv,90
FALSE Royals,偽王室,07_Glossary/Master_Glossary.md,399
Fahz,法茲,07_Glossary/Master_Glossary.md,104
Faker,騙子,02_Races/Zoq_Fot_Pik.md,141
Falayalaralfali,法拉雅拉拉法利,02_Races/Arilou.md,136
Falayalaralfali,法拉雅拉拉法利,07_Glossary/Master_Glossary.md,289
Falayalaralfali,法拉雅拉拉法利,07_Glossary/Place_Names.md,66
Falayalaralfali,法拉雅拉拉法利,07_Glossary/Fixed_Terms.csv,190
Fallow Slave,禁足奴族,02_Races/Ur_Quan.md,81
Fallow Slave,禁足奴族,02_Races/Ur_Quan_Kzer_Za.md,117
Fallow Slave,禁足奴族,07_Glossary/Master_Glossary.md,308
Fallow Slave,禁足奴族,07_Glossary/Tech_Names.md,147
Fallow Slave,禁足奴族,07_Glossary/Fixed_Terms.csv,146
Farewell child,再見了,02_Races/Arilou.md,150
Fat Jubby,胖朱比獸,02_Races/Ilwrath.md,134
Fat Obstreperous Jerks,肥屁噪嗔混蛋,02_Races/Thraddash.md,191
Fat Obstreperous Jerks,「肥胖粗俗混蛋」,07_Glossary/Master_Glossary.md,329
Faugh!,呸,02_Races/Zoq_Fot_Pik.md,138
Faz,法茲族,07_Glossary/Master_Glossary.md,76
Faz,法茲族,07_Glossary/Fixed_Terms.csv,40
Fe-Fi-Fo-Fum!,保留原文,07_Glossary/Master_Glossary.md,390
Feed the furnace,送去餵熔爐,02_Races/Druuge.md,180
Feed the furnace,送去餵熔爐,07_Glossary/Master_Glossary.md,321
Feel the love,感受愛,02_Races/Pkunk.md,81
Feh!,啐！,03_Characters/Talking_Pet.md,126
Fellow Carbon Creature,碳基同胞,02_Races/Supox.md,184
Festival of a Thousand Screams,千聲慘叫祭,02_Races/Ilwrath.md,128
Fighter Form,戰機形態,07_Glossary/Tech_Names.md,58
Fighter Form,戰機形態,07_Glossary/Fixed_Terms.csv,118
Filth,污穢,02_Races/Ur_Quan_Kohr_Ah.md,113
Flame Jets,火焰噴流,07_Glossary/Tech_Names.md,39
Flame Jets,火焰噴流,07_Glossary/Fixed_Terms.csv,99
Fluid sacks,體液袋,02_Races/Umgah.md,140
Fop-Dope-Bic,佛-鬥-畢,03_Characters/Safe_Ones_High_Council.md,100
"For lo, the truth is manifest!",觀之——真相昭然若揭！,02_Races/Ilwrath.md,125
For the Glory of the Empire!,榮耀彈引爆前呼喊,07_Glossary/Master_Glossary.md,429
Force Majeure,不可抗力,02_Races/Druuge.md,191
Fortress Square,堡壘方陣,07_Glossary/Master_Glossary.md,403
Foul pirate!,污穢的海盜,02_Races/Druuge.md,200
Frankly,老實說,03_Characters/Talking_Pet.md,124
Friendly Folk,友善同胞,02_Races/Supox.md,186
Fruit Cakes,水果蛋糕,02_Races/Thraddash.md,190
Frungy,苙戎奇,07_Glossary/Master_Glossary.md,346
Frungy,待譯,08_Translation_Rules/Alien_Speech_Rule.md,46
Frungy,佐-佛-皮的無厉頭運動,08_Translation_Rules/Alien_Speech_Rule.md,142
Frungy,保留原文,09_AI_Prompt/Terminology_Audit.md,136
Frungy,Frungy,07_Glossary/Fixed_Terms.csv,160
Frungy Championships,錦標賽,02_Races/Zoq_Fot_Pik.md,129
Frungy! The Sport of Kings!,Frungy！諸王之運動！,02_Races/Zoq_Fot_Pik.md,128
Fuel Tank,燃料艙,05_Technology/Ship_Modules.md,28
Fuel Tank,燃料艙,07_Glossary/Tech_Names.md,86
Fuel Tank,燃料艙,07_Glossary/Fixed_Terms.csv,137
FunRom,歡樂晶片,07_Glossary/Master_Glossary.md,247
FunRom,歡樂晶片,07_Glossary/Tech_Names.md,138
FunRom,歡樂晶片,07_Glossary/Fixed_Terms.csv,133
FunRoms,娛樂軟碟,02_Races/Shofixti.md,141
Furnace,爐膛,07_Glossary/Tech_Names.md,52
Furnace,爐膛,07_Glossary/Fixed_Terms.csv,112
Fury,憤怒者,04_Ships/Alliance_Ships.md,140
Fury,憤怒者,07_Glossary/Master_Glossary.md,179
Fury,烈憤艦,07_Glossary/Ship_Names.md,45
Fury,憤怒者,07_Glossary/Fixed_Terms.csv,67
Fusion / Nuclear,核融合／核分裂,01_World_Lore/Technology_Level.md,20
Fusion Blaster,融合爆能砲,05_Technology/Ship_Modules.md,43
Fusion Blaster,融合爆能砲,07_Glossary/Tech_Names.md,100
Fusion Bolt,融合彈,07_Glossary/Tech_Names.md,29
Fusion Bolt,融合彈,07_Glossary/Fixed_Terms.csv,89
Fusion Thruster,融合推進器,05_Technology/Ship_Modules.md,12
Fusion Thruster,融合推進器,07_Glossary/Master_Glossary.md,377
Fusion Thruster,融合推進器,07_Glossary/Tech_Names.md,72
Fwiffo,費佛,07_Glossary/Master_Glossary.md,150
Fwiffo,費佛,07_Glossary/Fixed_Terms.csv,46
GRUNT!,呻吟,02_Races/Thraddash.md,172
GYAIEEE!,咕呀啊,02_Races/Shofixti.md,133
Gaia,保留原文 · 現在的家園,02_Races/Syreen.md,229
Gamma Vulpeculae,狐狸座,06_Locations/Star_Systems.md,37
Gamma Vulpeculae,狐狸座 γ,07_Glossary/Place_Names.md,39
Gamma Vulpeculae,狐狸座 γ,07_Glossary/Fixed_Terms.csv,177
Gas Giant,氣體形成的巨行星,06_Locations/Planet_Types.md,11
Gas Giant,氣體形成的巨行星,07_Glossary/Place_Names.md,72
General ZEX,澤克斯,07_Glossary/Fixed_Terms.csv,50
Get to it,動手吧／去做吧,03_Characters/Commander_Hayes.md,68
Gg,Gg 族,07_Glossary/Master_Glossary.md,77
Gg,Gg 族,07_Glossary/Master_Glossary.md,365
Gg,Gg 族,07_Glossary/Fixed_Terms.csv,41
Giclas,吉克拉斯,07_Glossary/Master_Glossary.md,284
Giclas,吉克拉斯,07_Glossary/Place_Names.md,53
Giclas,吉克拉斯,07_Glossary/Fixed_Terms.csv,184
Glilandy,格利蘭第,03_Characters/Talking_Pet.md,102
Glilandy,格利蘭第,03_Characters/Talking_Pet.md,307
Glilandy,格利蘭第,07_Glossary/Master_Glossary.md,88
Glob Launcher,漿團發射器,07_Glossary/Tech_Names.md,47
Glob Launcher,漿團發射器,07_Glossary/Fixed_Terms.csv,108
Glorious Slave Empire of X,「〈艦長〉之光榮奴隸帝國」,07_Glossary/Master_Glossary.md,330
Glory Device,光榮裝置,02_Races/Shofixti.md,145
Glory Device,榮耀彈,04_Ships/Alliance_Ships.md,144
Glory Device,榮耀彈,07_Glossary/Master_Glossary.md,233
Glory Device,榮耀彈,07_Glossary/Fixed_Terms.csv,102
Glory Device / Glory Devices,榮耀彈,07_Glossary/Tech_Names.md,42
Glory Devices,榮耀彈,07_Glossary/Fixed_Terms.csv,103
Glowing Rod,發光魔杖,02_Races/Druuge.md,195
Glowing Rod,發光魔杖,07_Glossary/Master_Glossary.md,224
Good luck out there,外頭多保重,03_Characters/Commander_Hayes.md,69
Grah,葛拉獸,02_Races/Ilwrath.md,135
Grah / Chudd / Dthunk,格拉 / 查德 / 德頓克,07_Glossary/Master_Glossary.md,326
Grand Proctor,大監督者,07_Glossary/Master_Glossary.md,108
Grand-High Poobah,大高酋長,02_Races/Zoq_Fot_Pik.md,152
Grand-High Poobah,尊貴至極的波霸大人,07_Glossary/Master_Glossary.md,352
Great Beyond,蒼宇彼方,07_Glossary/Master_Glossary.md,397
Great Enemy,偉大的敵人,02_Races/Umgah.md,133
Great Hero / Savior,偉大的英雄 / 我族的救世主,02_Races/Umgah.md,132
Great King,偉大的國王 / 艦長王,02_Races/Umgah.md,134
Great Teacher,偉大的導師,02_Races/Thraddash.md,179
Great Teacher,偉大導師,07_Glossary/Master_Glossary.md,334
Green Eye Of Dogar,多加之綠眼,02_Races/Ilwrath.md,122
"Greetings, valued customer",問候您,02_Races/Melnorme.md,76
Groombridge,葛倫布利吉,06_Locations/Star_Systems.md,42
Groombridge,葛倫布利吉,07_Glossary/Master_Glossary.md,282
Groombridge,葛倫布利吉,07_Glossary/Place_Names.md,51
Groombridge,葛倫布利吉,07_Glossary/Fixed_Terms.csv,182
Growth,生長,02_Races/Supox.md,174
Guardian,守衛艦,04_Ships/Hierarchy_Ships.md,154
Guardian,守衛艦,07_Glossary/Master_Glossary.md,186
Guardian,守衛艦,07_Glossary/Ship_Names.md,32
Guardian,守衛艦,07_Glossary/Fixed_Terms.csv,74
Guided Missile,導向飛彈 / 追蹤飛彈,01_World_Lore/Technology_Level.md,25
Gussh,古許,07_Glossary/Master_Glossary.md,125
HAIL! HAIL! HAIL!,萬歲,02_Races/Umgah.md,129
HARG! HARG! HARG!,絕不譯,02_Races/Thraddash.md,169
HARG! HARG! HARG!,哈！哈！哈！,07_Glossary/Master_Glossary.md,333
HEEP!,嘿,02_Races/Yehat.md,132
HISS!,嘶,02_Races/Yehat.md,127
HISS!,嘶,08_Translation_Rules/Alien_Speech_Rule.md,523
HOOT mon!,呼,02_Races/Yehat.md,129
HOOT!,呼,02_Races/Yehat.md,128
HOOT!,呐,08_Translation_Rules/Alien_Speech_Rule.md,524
HOSTILITIES COMMENCE,敵對行動 開始,02_Races/Slylandro_Probe.md,134
HYAIEEE!,嗚呀啊,02_Races/Shofixti.md,132
HYAIEEE!,田中式極端咆哮,07_Glossary/Master_Glossary.md,422
HYAIEEE!,嗚呀啊,08_Translation_Rules/Alien_Speech_Rule.md,29
HYAIEEE!,HYAIEEE!,07_Glossary/Fixed_Terms.csv,203
Ha!,哈,02_Races/Shofixti.md,135
Ha!,哈！,03_Characters/Talking_Pet.md,125
Ha!,武士刀式挑釁,07_Glossary/Master_Glossary.md,423
Ha!,哈,08_Translation_Rules/Alien_Speech_Rule.md,30
Ha!,Ha!,07_Glossary/Fixed_Terms.csv,204
Ha-ha!,哈哈,02_Races/Druuge.md,183
Ha-ha-ha!,哈哈哈！,03_Characters/Talking_Pet.md,111
Habitat Thirty-One,居所艙 31 號,02_Races/Syreen.md,232
Habitat columns,居所艙列隊,02_Races/Syreen.md,233
Hallelujah!,哈利路亞,02_Races/Utwig.md,122
Har,哈,02_Races/Umgah.md,137
Har! Har! Har!,哈,02_Races/Umgah.md,125
Har-har-har!,嘎嘎嘎,08_Translation_Rules/Alien_Speech_Rule.md,36
Hee! Hee! Hee!,嘿嘿嘿,02_Races/VUX.md,179
Hee! Hee! Hee!,嘿嘿嘿！,07_Glossary/Master_Glossary.md,439
Hellbore Cannon,火獄穿甲砲,05_Technology/Ship_Modules.md,46
Hellbore Cannon,火獄穿甲炮,07_Glossary/Master_Glossary.md,366
Hellbore Cannon,火獄穿甲砲,07_Glossary/Tech_Names.md,97
Hellbore Cannon,地獄砲,07_Glossary/Fixed_Terms.csv,140
Hide / Hidden,藏匿 / 躲藏,02_Races/Spathi.md,80
High Perch,高懸王座,02_Races/Yehat.md,139
High Proctor,高階監督者,07_Glossary/Master_Glossary.md,110
High Ruling Council of Spathiwa,史怕族最高議會,03_Characters/Safe_Ones_High_Council.md,84
High Ruling Council of Spathiwa,史怕族最高議會,03_Characters/Safe_Ones_High_Council.md,228
High Ruling Council of Spathiwa,史怕族最高議會,07_Glossary/Master_Glossary.md,81
High-Efficiency Fuel Tank,高效燃料艙,05_Technology/Ship_Modules.md,29
High-Efficiency Fuel Tank,高效燃料艙,07_Glossary/Tech_Names.md,87
High-Powered Weapon,三段式高能砲,07_Glossary/Tech_Names.md,54
High-Powered Weapon,三段式高能砲,07_Glossary/Fixed_Terms.csv,114
Higher Powers,更高力量,02_Races/Supox.md,171
Higher consciousness,更高意識,02_Races/Pkunk.md,78
Historical data,歷史數據,02_Races/Melnorme.md,78
Hmph!,哼,02_Races/Thraddash.md,177
Ho!,你好,08_Translation_Rules/Alien_Speech_Rule.md,526
Ho-ho!,呵,02_Races/Umgah.md,126
"Ho-ho, Captain!",呵呵,02_Races/Druuge.md,185
Ho-ho-ho,通用捧腹笑聲,07_Glossary/Master_Glossary.md,426
Ho-ho-ho,待譯,08_Translation_Rules/Alien_Speech_Rule.md,41
Ho-ho-ho,Ho-ho-ho,07_Glossary/Fixed_Terms.csv,207
Ho-ho-ho!,呵呵呵,02_Races/Druuge.md,184
Holy Killing Zone,神聖屠戮區,02_Races/Ilwrath.md,133
Honor,名譽 / 榮譽,02_Races/Shofixti.md,142
Honor / Dishonor,榮耀 / 失卻榮耀,02_Races/Yehat.md,136
Hot Pulsing Thrusters,火燙脈動推進器號,02_Races/Thraddash.md,194
Hot Pulsing Thrusters / Blazing Guns of Glory / Overwhelmer,「熱脈推進器號」/「榮耀熾焰砲號」/「碾壓者號」,07_Glossary/Master_Glossary.md,327
Hover,盤旋,02_Races/Slylandro.md,76
Howee-baby!,唷寶貝,02_Races/Zoq_Fot_Pik.md,137
Howitzer,榴彈砲,07_Glossary/Tech_Names.md,55
Howitzer,榴彈砲,07_Glossary/Fixed_Terms.csv,115
Hoy!,喂！,07_Glossary/Master_Glossary.md,391
Huffi-Muffi-Guffi,呼夫姆夫古夫,03_Characters/Safe_Ones_High_Council.md,86
Hyai!,哎呀,02_Races/Shofixti.md,131
Hyai!,田中式輕聲驚呼,07_Glossary/Master_Glossary.md,421
Hyai!,唉呀,08_Translation_Rules/Alien_Speech_Rule.md,28
Hyai!,Hyai!,07_Glossary/Fixed_Terms.csv,202
Hydrocarbon World,碳氫化合物行星,06_Locations/Planet_Types.md,15
Hydrocarbon World,碳氫化合物行星,07_Glossary/Place_Names.md,76
HyperDrive,超空間引擎,05_Technology/Ship_Modules.md,79
HyperDrive,超空間引擎,07_Glossary/Tech_Names.md,125
HyperSpace,超空間,01_World_Lore/Technology_Level.md,10
HyperSpace,超維空間,02_Races/Arilou.md,139
HyperSpace,超空間,06_Locations/Star_Systems.md,57
HyperSpace,超空間,07_Glossary/Master_Glossary.md,243
HyperSpace,超空間,07_Glossary/Place_Names.md,88
HyperSpace,超空間,07_Glossary/Tech_Names.md,159
HyperSpace,超空間,07_Glossary/Fixed_Terms.csv,127
HyperWave,超波通訊,01_World_Lore/Technology_Level.md,12
HyperWave,超波通訊,07_Glossary/Master_Glossary.md,242
HyperWave,超波通訊,07_Glossary/Tech_Names.md,134
HyperWave,超波通訊,07_Glossary/Fixed_Terms.csv,130
HyperWave 'Caster,超波播送器,02_Races/Druuge.md,204
HyperWave 'Caster,超波廣播器,03_Characters/Talking_Pet.md,104
HyperWave 'Caster,超波播送器,07_Glossary/Master_Glossary.md,381
Hyperdrive,超空間引擎,01_World_Lore/Technology_Level.md,37
I am Dugee,我是杜吉,02_Races/Mycon.md,149
I am Gussh,我是古舍,02_Races/Mycon.md,151
I am Shloosh,我是希魯許,02_Races/Mycon.md,150
I am ruined!,我完蛋了,02_Races/Druuge.md,188
I died 343 Earth years ago / I do not know how,我於 343 地球年前而亡 / 我不知為何。,02_Races/Mycon.md,148
"I died of general misfunction 57,283 years ago","我於 57,283 年前因總體故障而亡。",02_Races/Mycon.md,146
I was incinerated fourteen thousand Earth years ago,我於一萬四千地球年前被焚化,02_Races/Mycon.md,147
IEEE!,咿咿咿,02_Races/Shofixti.md,134
INITIATED / ENGAGED / ACTIVATED,已啟動 / 已就緒 / 已啟用,02_Races/Slylandro_Probe.md,138
Iccamullon,保留原文,07_Glossary/Master_Glossary.md,467
Iccamullon,保留原文,07_Glossary/Place_Names.md,103
Iccamullon,Iccamullon,07_Glossary/Fixed_Terms.csv,196
Iggy Pop,伊基流行,02_Races/Dnyarri.md,164
Illogical,不合邏輯,02_Races/Androsynth.md,83
Ilwrath,禱詞感,00_Project_Control/Dossier_Voice_Audit_2026-08-15.md,56
Ilwrath,每個實詞首字大寫,00_Project_Control/Dossier_Voice_Audit_2026-08-15.md,106
Ilwrath,蛛狂族,07_Glossary/Master_Glossary.md,58
Ilwrath,每個實詞首字大寫,08_Translation_Rules/Alien_Speech_Rule.md,93
Ilwrath,蛛狂族,07_Glossary/Fixed_Terms.csv,21
In the names of Dogar and Kazon,以多加與卡宗之名,02_Races/Ilwrath.md,127
Inevitably Successful in All Circumstances,於所有情境必勝之艦,03_Characters/Trade_Master_Greenish.md,68
Inevitably Successful in All Circumstances,於所有情境必勝之艦,07_Glossary/Master_Glossary.md,387
Inevitably Successful in All Circumstances,「於所有情境必勝之艦」,07_Glossary/Ship_Names.md,62
Instinct. Instinct. Instinct,本能,02_Races/Arilou.md,149
Inter-Dimensional Fatigue,跨維穿隙,07_Glossary/Master_Glossary.md,359
Interjection,說明,07_Glossary/Master_Glossary.md,417
Interstar Credits / credits,星幣,07_Glossary/Master_Glossary.md,358
Intruder,入侵者,04_Ships/Hierarchy_Ships.md,153
Intruder,入侵者,07_Glossary/Master_Glossary.md,185
Intruder,入侵者,07_Glossary/Ship_Names.md,31
Intruder,入侵者,07_Glossary/Fixed_Terms.csv,73
Ion-Bolt Gun,離子波砲,05_Technology/Ship_Modules.md,42
Ion-Bolt Gun,離子波砲,07_Glossary/Tech_Names.md,99
Ion-Bolt Guns,離子波砲,07_Glossary/Master_Glossary.md,376
JUSTICE IS OURS!,正義屬於我們！,02_Races/Syreen.md,249
Ja-ja pole,雅雅柱,03_Characters/Safe_Ones_High_Council.md,90
Jhe-mhr,保留原文擬聲,02_Races/Mmrnmhrm.md,82
"Jiff, Fod, Rogi",吉夫,02_Races/Zoq_Fot_Pik.md,156
Jud the Vug,賈德·魔怪,03_Characters/Safe_Ones_High_Council.md,101
Jud the Vug / Jud the Ineffable Vug,賈德·魔怪,07_Glossary/Master_Glossary.md,161
Juffo-Wup,不譯,02_Races/Mycon.md,125
Juffo-Wup,聖源,07_Glossary/Master_Glossary.md,345
Juffo-Wup,待譯,08_Translation_Rules/Alien_Speech_Rule.md,45
Juffo-Wup,麥孔宗教核心用語,08_Translation_Rules/Alien_Speech_Rule.md,141
Juffo-Wup,Juffo-Wup,07_Glossary/Fixed_Terms.csv,159
Jugger,重砲艦,04_Ships/Neutral_Ships.md,159
Jugger,重砲艦,07_Glossary/Master_Glossary.md,190
Jugger,重砲艦,07_Glossary/Ship_Names.md,42
Jugger,重砲艦,07_Glossary/Fixed_Terms.csv,78
Jukes / Narfs,樹叢猴,02_Races/Zoq_Fot_Pik.md,162
Katana,武士刀,02_Races/Shofixti.md,140
Katana,武士刀,07_Glossary/Fixed_Terms.csv,58
Kazon,卡宗,02_Races/Ilwrath.md,118
Kazon,卡宗,07_Glossary/Master_Glossary.md,344
Kazon,卡宗,08_Translation_Rules/Alien_Speech_Rule.md,144
Kazon,卡宗,07_Glossary/Fixed_Terms.csv,158
Kazon The Unseen,無形的卡宗,02_Races/Ilwrath.md,120
Keel-Verezy,奇維瑞族／商行,07_Glossary/Master_Glossary.md,335
Keel-Verezy,奇維瑞族,07_Glossary/Master_Glossary.md,385
Keel-Verezy,奇維瑞族/商行,07_Glossary/Fixed_Terms.csv,156
King-Killing Horn,殺王之號,02_Races/Umgah.md,135
Knowledge is the purview of the Utwig. We Supox are but the effectuators,智慧屬憂特之領域,02_Races/Supox.md,176
Kohr-Ah,極短句,00_Project_Control/Dossier_Voice_Audit_2026-08-15.md,112
Kohr-Ah,柯亞,02_Races/Ur_Quan_Kzer_Za.md,126
Kohr-Ah,柯亞族,09_AI_Prompt/Terminology_Audit.md,135
Kohr-Ah,柯亞族,07_Glossary/Fixed_Terms.csv,6
Korgk / Reeunk / Jugkah / Gnusko / Muuhd / Pudt / Yajag / Mak-Roni,考格克 / 里恩克 / 卓卡 / 奴斯克 / 穆德 / 普德 / 雅賈 / 馬可尼,07_Glossary/Master_Glossary.md,325
Kyabetsu,高麗菜,02_Races/Shofixti.md,138
Kyabetsu,高麗菜,07_Glossary/Master_Glossary.md,288
Kyabetsu,高麗菜,07_Glossary/Place_Names.md,65
Kyabetsu,高麗菜,07_Glossary/Fixed_Terms.csv,189
Kyaiee!,殺呀,02_Races/Shofixti.md,130
Kyaiee!,田中式熱血咆哮,07_Glossary/Master_Glossary.md,420
Kyaiee!,殺呀,08_Translation_Rules/Alien_Speech_Rule.md,27
Kyaiee!,Kyaiee!,07_Glossary/Fixed_Terms.csv,201
Kyaiee!/Hyai!,擬聲,08_Translation_Rules/Style_Guide.md,169
Kyeee! Lykeee-lieee!,保留原文,02_Races/Druuge.md,197
Kzer-Za,克澤札,02_Races/Ur_Quan_Kohr_Ah.md,123
Kzer-Za,克澤札,02_Races/Ur_Quan_Kzer_Za.md,129
Kzer-Za,克澤札,09_AI_Prompt/Terminology_Audit.md,134
Kzer-Za,克澤札,07_Glossary/Fixed_Terms.csv,4
Landing Party,登陸小隊,01_World_Lore/Technology_Level.md,35
Leafy Ones,葉之族,02_Races/Supox.md,185
Ledger of Hatred,仇怨名冊,02_Races/Druuge.md,179
Ledger of Hatred,仇怨名冊,07_Glossary/Master_Glossary.md,320
Legal Circumstances Permitting Unwarranted Attack,允許無因攻擊之法定情境,02_Races/Druuge.md,178
Libixx,里比克斯,07_Glossary/Master_Glossary.md,465
Libixx,里比克斯,07_Glossary/Place_Names.md,101
Libixx,里比克斯,07_Glossary/Fixed_Terms.csv,194
Life Data,生命資料,05_Technology/Resource_Elements.md,40
Lightning Weapon,閃電武器,07_Glossary/Tech_Names.md,40
Lightning Weapon,閃電武器,07_Glossary/Fixed_Terms.csv,100
Linch-Nas-Ploh,蟒-噬-獸,07_Glossary/Master_Glossary.md,270
Logic dictates,邏輯指示,02_Races/Mmrnmhrm.md,79
Love / Light,愛 / 光,02_Races/Pkunk.md,79
Lykeee-lieee!,蘇格蘭騎士呼喚,07_Glossary/Master_Glossary.md,424
Lykeee-lieee!,待譯,08_Translation_Rules/Alien_Speech_Rule.md,39
Lykeee-lieee!,保留原文,08_Translation_Rules/Alien_Speech_Rule.md,525
Lykeee-lieee!,Lykeee-lieee!,07_Glossary/Fixed_Terms.csv,205
MASER,邁射武器 / 微波雷射,01_World_Lore/Technology_Level.md,22
MISSION,任務,02_Races/Slylandro_Probe.md,141
MORON RATHEAD,白痴鼠腦,07_Glossary/Master_Glossary.md,484
MORON RATHEAD,照鎖,08_Translation_Rules/Style_Guide.md,168
MORON RATHEAD,照鎖,09_AI_Prompt/Translate_Dialogue.md,546
MORON RATHEAD,白痴鼠腦,07_Glossary/Fixed_Terms.csv,214
MUST BREAK TARGET INTO COMPONENT COMPOUNDS,必須將目標拆解為構成化合物。,02_Races/Slylandro_Probe.md,125
Mael-Num,梅努族,07_Glossary/Master_Glossary.md,78
Mael-Num,梅努族,07_Glossary/Fixed_Terms.csv,42
Marauder,掠奪者,02_Races/Ur_Quan_Kohr_Ah.md,125
Marauder,掠奪者,04_Ships/Hierarchy_Ships.md,149
Marauder,掠奪者,07_Glossary/Master_Glossary.md,174
Marauder,掠奪者,07_Glossary/Ship_Names.md,27
Marauder,掠奪者,07_Glossary/Fixed_Terms.csv,61
Mark 6 Blaster,六型爆能砲,02_Races/Thraddash.md,186
Mask,面具,02_Races/Utwig.md,119
Master,主人 / 主宰,01_World_Lore/Political_System.md,102
Mauler,重擊者,04_Ships/Neutral_Ships.md,163
Mauler,重擊者,07_Glossary/Master_Glossary.md,193
Mauler,重擊者,07_Glossary/Ship_Names.md,46
Mauler,重擊者,07_Glossary/Fixed_Terms.csv,81
Mauler starship,毒賈重擊者艦,02_Races/Druuge.md,207
May Sunlight and Water always fall upon you,願陽光與水常降於您,02_Races/Supox.md,170
May the fertilizer flow on your roots,願肥料流經您的根,02_Races/Supox.md,166
May the light always reach your leaves,願光永達您的葉,02_Races/Supox.md,168
May you always stand in the Great Green Sunlight,願您永立於偉大綠陽下,02_Races/Supox.md,169
May your flowers always be pollinated,願您的花永得授粉,02_Races/Supox.md,167
May your roots always be well watered,願您的根永得灌溉,02_Races/Supox.md,165
May your rotting bodies provide nutrients for kinder generations,願您腐爛的身體,02_Races/Supox.md,193
Melnorme,高階商務,00_Project_Control/Dossier_Voice_Audit_2026-08-15.md,69
Melnorme,梅諾商,07_Glossary/Master_Glossary.md,67
Melnorme,梅諾商,07_Glossary/Fixed_Terms.csv,30
Melnorme Trade Master,貿易官,07_Glossary/Master_Glossary.md,357
Men in Black,黑衣人,02_Races/Arilou.md,127
Meta-Mollusks,超軟體生物,03_Characters/Safe_Ones_High_Council.md,98
MetaChron,超時鐘,07_Glossary/Master_Glossary.md,360
Metallic World,金屬行星,06_Locations/Planet_Types.md,17
Metallic World,金屬行星,07_Glossary/Place_Names.md,78
Missile Form,飛彈形態,07_Glossary/Tech_Names.md,59
Missile Form,飛彈形態,07_Glossary/Fixed_Terms.csv,119
Mission,使命,02_Races/Ur_Quan_Kohr_Ah.md,119
Miwok,米沃克號,02_Races/VUX.md,119
Mmmmmm!,嗯,02_Races/VUX.md,181
Mmmmmm!,嗯～～～～,07_Glossary/Master_Glossary.md,445
Mmrnmhrm,無單獨,00_Project_Control/Dossier_Revision_Progress.md,93
Mmrnmhrm,無單獨,00_Project_Control/Dossier_Voice_Audit_2026-08-15.md,83
Mmrnmhrm,合併,00_Project_Control/Dossier_Voice_Audit_2026-08-15.md,167
Mmrnmhrm,姆姆族,07_Glossary/Master_Glossary.md,48
Mmrnmhrm,姆姆族,07_Glossary/Fixed_Terms.csv,8
Mode,場景,03_Characters/Talking_Pet.md,58
Model ZK-53 computer,型電腦,02_Races/Thraddash.md,189
Modules,模組,01_World_Lore/Technology_Level.md,38
Mohorovichic,莫氏不連續面,02_Races/Mycon.md,135
Mohorovichic,地殼深處,07_Glossary/Master_Glossary.md,126
Morality Riots,禮法暴動,07_Glossary/Master_Glossary.md,111
Mozart,莫札特,02_Races/Dnyarri.md,163
Mr. Chi,齊先生,07_Glossary/Fixed_Terms.csv,54
Murky Bog,幽暗沼澤,07_Glossary/Master_Glossary.md,118
Mycon,禱詞式短句,00_Project_Control/Dossier_Voice_Audit_2026-08-15.md,61
Mycon,麥孔族,02_Races/Syreen.md,238
Mycon,麥孔族,03_Characters/Talana.md,70
Mycon,麥孔族,07_Glossary/Master_Glossary.md,56
Mycon,麥孔族,07_Glossary/Fixed_Terms.csv,19
Mycon Deep Child egg-sac fragments,麥孔深層幼體卵袋殘片,02_Races/Druuge.md,203
NEGATIVE,否。,02_Races/Chmmr.md,115
NPC,保留該族特徵,08_Translation_Rules/Style_Guide.md,16
Nemesis,復仇者,04_Ships/Neutral_Ships.md,165
Nemesis,宿敵號,07_Glossary/Master_Glossary.md,189
Nemesis,宿敵號,07_Glossary/Ship_Names.md,48
Nemesis,復仇者號,07_Glossary/Fixed_Terms.csv,77
New Alliance of Free Stars,新自由星系聯盟,07_Glossary/Master_Glossary.md,301
New Alliance of Free Stars,新自由星系聯盟,07_Glossary/Fixed_Terms.csv,143
No haggling,不接受議價,03_Characters/Trade_Master_Greenish.md,72
Noble Gases,惰性氣體,05_Technology/Resource_Elements.md,24
Non,非,02_Races/Mycon.md,126
Non,異類,07_Glossary/Master_Glossary.md,121
Non-Juffo-Wup,非 Juffo-Wup 者,02_Races/Mycon.md,129
Nose Cannon,前置砲,07_Glossary/Tech_Names.md,49
Nose Cannon,前置砲,07_Glossary/Fixed_Terms.csv,110
Nuclear Thruster,核推進器,05_Technology/Ship_Modules.md,11
Nuclear Thruster,核推進器,07_Glossary/Tech_Names.md,71
Nyark! Nyark! Nyark!,保留原文,02_Races/Zoq_Fot_Pik.md,131
Oath / Vow / Fealty,誓言 / 血誓 / 效忠,02_Races/Yehat.md,137
Ochre,赭黃副官,07_Glossary/Master_Glossary.md,363
Officer of the Crimson Corporation,血紅集團之高級專員,07_Glossary/Master_Glossary.md,317
Ogrunti,歐格倫提,07_Glossary/Master_Glossary.md,470
Ogrunti,歐格倫提,07_Glossary/Fixed_Terms.csv,199
"Okay, okay... so I was lying",好啦好啦……本尊剛剛是在說謊。,02_Races/Dnyarri.md,192
Oort Cloud,歐特雲,06_Locations/Star_Systems.md,59
Oort Cloud,歐特雲,07_Glossary/Master_Glossary.md,285
Oort Cloud,歐特雲,07_Glossary/Place_Names.md,16
Oort Cloud,歐特雲,07_Glossary/Fixed_Terms.csv,185
Organon,歐加農,07_Glossary/Master_Glossary.md,129
Ortog,歐特哥斯,07_Glossary/Master_Glossary.md,466
Ortog,歐特哥斯,07_Glossary/Place_Names.md,102
Ortog,歐特哥斯,07_Glossary/Fixed_Terms.csv,195
Orz,星號詞語,00_Project_Control/Dossier_Voice_Audit_2026-08-15.md,70
Orz,歐茲族,02_Races/Arilou.md,146
Orz,歐茲族,07_Glossary/Master_Glossary.md,68
Orz,歐茲族,07_Glossary/Fixed_Terms.csv,31
Other Worlds,其它行星種類,06_Locations/Planet_Types.md,20
Ouchy-oochy,哎唷呢喃,03_Characters/Talking_Pet.md,116
Overwhelmer,壓倒者號,02_Races/Thraddash.md,196
PLAM PRIKKY,靈啟,08_Translation_Rules/Alien_Speech_Rule.md,34
PRIORITIES SET AT POINT OF ORIGIN,優先權 於原點 已設定,02_Races/Slylandro_Probe.md,137
PRIORITY OVER-RIDE. NEW BEHAVIOR DICTATED,優先權覆蓋,02_Races/Slylandro_Probe.md,135
PROBE 2418-B,探測器 2418-B,02_Races/Slylandro_Probe.md,127
PROBE 2418-B,2418-B 號探測器,07_Glossary/Master_Glossary.md,408
Particle Beam,粒子束,07_Glossary/Tech_Names.md,44
Particle Beam,粒子束,07_Glossary/Fixed_Terms.csv,105
Path of Now and Forever,現在與永恆之道,02_Races/Ur_Quan.md,83
Path of Now and Forever,現在與永恆之道,02_Races/Ur_Quan_Kohr_Ah.md,116
Path of Now and Forever,現在與永恆之道,02_Races/Ur_Quan_Kzer_Za.md,113
Path of Now and Forever,現在與永恆之道,07_Glossary/Master_Glossary.md,312
Path of Now and Forever,現在與永恆之道,08_Translation_Rules/Alien_Speech_Rule.md,154
Path of Now and Forever,現在與永恆之道,07_Glossary/Fixed_Terms.csv,150
Penetrator,穿透艦,04_Ships/Alliance_Ships.md,143
Penetrator,穿透艦,07_Glossary/Master_Glossary.md,182
Penetrator,穿透艦,07_Glossary/Ship_Names.md,18
Penetrator,穿透艦,07_Glossary/Fixed_Terms.csv,70
Penetrator / Syreen Penetrator,穿透艦,02_Races/Syreen.md,234
Personal Magnifier,個人增益器,07_Glossary/Master_Glossary.md,379
Photon Crystal,光子晶體,01_World_Lore/Technology_Level.md,23
Photon Crystals,光子晶體彈,07_Glossary/Tech_Names.md,31
Photon Crystals,光子晶體彈,07_Glossary/Fixed_Terms.csv,91
Photon crystal weapon,光子晶體武器,02_Races/Chenjesu.md,116
Pkunk,新時代嘻皮,00_Project_Control/Dossier_Voice_Audit_2026-08-15.md,71
Pkunk,普恩族,07_Glossary/Master_Glossary.md,62
Pkunk,普恩族,07_Glossary/Fixed_Terms.csv,25
Pkunk Fury,烈憤艦,07_Glossary/Master_Glossary.md,402
Planet Lander,登陸艇,05_Technology/Ship_Modules.md,69
Planet Lander,登陸艇,07_Glossary/Master_Glossary.md,370
Planet Lander,登陸艇,07_Glossary/Tech_Names.md,119
Plasma Bolt,電漿彈,01_World_Lore/Technology_Level.md,24
Plasmoids,電漿團,07_Glossary/Master_Glossary.md,136
Plasmoids,電漿團,07_Glossary/Tech_Names.md,32
Plasmoids,電漿團,07_Glossary/Fixed_Terms.csv,92
Please don't eat us,請別吃我們,02_Races/Spathi.md,82
Please don't shoot,請,02_Races/Spathi.md,79
Please save us!,請救救我們,02_Races/Zoq_Fot_Pik.md,133
Pluto,冥王星,07_Glossary/Master_Glossary.md,263
Pluto,冥王星,07_Glossary/Place_Names.md,14
Pluto,冥王星,07_Glossary/Fixed_Terms.csv,163
Podship,莢艦,02_Races/Mycon.md,132
Podship,莢艦,04_Ships/Hierarchy_Ships.md,150
Podship,莢艦,07_Glossary/Master_Glossary.md,135
Podship,莢艦,07_Glossary/Master_Glossary.md,188
Podship,莢艦,07_Glossary/Ship_Names.md,28
Podship,莢艦,07_Glossary/Fixed_Terms.csv,76
Point Defense,點防禦,07_Glossary/Tech_Names.md,96
Point-Defense Laser,點防禦雷射,05_Technology/Ship_Modules.md,44
Point-Defense Laser,點防禦雷射,07_Glossary/Master_Glossary.md,378
Point-Defense Laser,點防禦雷射,07_Glossary/Tech_Names.md,95
Point-Defense Laser,點防禦雷射,07_Glossary/Fixed_Terms.csv,139
Portal / natural Portal,傳送門 / 天然傳送門,02_Races/Arilou.md,141
Portal Spawner,傳送門產生器,02_Races/Arilou.md,142
Portal Spawner,傳送門生成器,02_Races/Druuge.md,206
Portal Spawner,傳送門生成器,05_Technology/Ship_Modules.md,81
Portal Spawner,傳送門生成器,07_Glossary/Master_Glossary.md,227
Prank / Joke / Good joke,惡作劇 / 玩笑 / 好玩笑,02_Races/Umgah.md,138
Pratfall City,摔跤鎮,02_Races/Thraddash.md,207
Precious Metals,貴金屬,05_Technology/Resource_Elements.md,26
Precursor,先驅者,07_Glossary/Fixed_Terms.csv,36
Precursor / Precursors,先驅者,07_Glossary/Master_Glossary.md,73
Precursor Dumps,先驅垃圾場,02_Races/Thraddash.md,188
Precursor warp nullifier / warp nullification field,先驅者曲速抑制器,07_Glossary/Master_Glossary.md,236
Precursors,先驅族,02_Races/Druuge.md,198
Precursors,先驅,02_Races/Zoq_Fot_Pik.md,165
Precursors,先驅者,07_Glossary/Fixed_Terms.csv,37
"Prepare to meet thy Doom, alien Thief!",準備迎接你的末日,02_Races/Thraddash.md,200
Presto!,變！,07_Glossary/Master_Glossary.md,392
Primat,總議長,07_Glossary/Master_Glossary.md,405
Primordial World,原始行星,06_Locations/Planet_Types.md,16
Primordial World,原始行星,07_Glossary/Place_Names.md,77
Probability,機率,02_Races/Mmrnmhrm.md,78
Probe,斯萊探測器,04_Ships/Hierarchy_Ships.md,156
Probe,斯萊探測器,07_Glossary/Master_Glossary.md,198
Probe,斯萊探測器,07_Glossary/Ship_Names.md,34
Probe,斯萊探測器,07_Glossary/Fixed_Terms.csv,85
Probes,探針,02_Races/Slylandro.md,78
Procyon,南河三,06_Locations/Star_Systems.md,35
Procyon,南河三,07_Glossary/Master_Glossary.md,266
Procyon,南河三,07_Glossary/Place_Names.md,28
Procyon,注意,09_AI_Prompt/Translate_Lore.md,145
Procyon,南河三,07_Glossary/Fixed_Terms.csv,166
Professor Jules Farnsworth,方斯渥教授,07_Glossary/Master_Glossary.md,159
Professor Jules Farnsworth,方斯渥教授,07_Glossary/Fixed_Terms.csv,55
Profit,利潤,02_Races/Druuge.md,173
Project Bluebook,藍皮書計畫,02_Races/Arilou.md,125
Prophecy,預言,02_Races/Pkunk.md,82
Prototype,原型,02_Races/Androsynth.md,79
QuasiSpace,準空間,01_World_Lore/Technology_Level.md,11
QuasiSpace,準空間,02_Races/Arilou.md,138
QuasiSpace,準空間,06_Locations/Star_Systems.md,58
QuasiSpace,準空間,07_Glossary/Master_Glossary.md,244
QuasiSpace,準空間,07_Glossary/Place_Names.md,89
QuasiSpace,準空間,07_Glossary/Tech_Names.md,160
QuasiSpace,準空間,07_Glossary/Fixed_Terms.csv,128
QuasiSpace Portal Spawner,準空間傳送門生成器,05_Technology/Ship_Modules.md,80
QuasiSpace Portal Spawner,準空間傳送門生成器,07_Glossary/Tech_Names.md,126
Queen,女王 / 女皇,01_World_Lore/Political_System.md,101
"Quiet, fool!",安靜,02_Races/Zoq_Fot_Pik.md,148
REPLICATION,複製,02_Races/Slylandro_Probe.md,139
RESOURCE EXTRACTION,資源提取,02_Races/Slylandro_Probe.md,140
RU,資源單位,01_World_Lore/Technology_Level.md,33
RU,資源單位,05_Technology/Resource_Elements.md,46
RU,RU,07_Glossary/Tech_Names.md,136
RU,RU,07_Glossary/Fixed_Terms.csv,135
Radioactive World,輻射性行星,06_Locations/Planet_Types.md,19
Radioactive World,輻射性行星,07_Glossary/Place_Names.md,80
Radioactives,放射性物質,05_Technology/Resource_Elements.md,27
Rainbow World,彩虹世界,02_Races/Melnorme.md,81
Rainbow World,彩虹世界,03_Characters/Trade_Master_Greenish.md,71
Rainbow World,彩虹世界,07_Glossary/Master_Glossary.md,383
Rand's insult / The Insult,蘭德的侮辱 / 那次侮辱,02_Races/VUX.md,118
Rare Earths,稀土,05_Technology/Resource_Elements.md,25
Reduction World,縮小的行星,06_Locations/Planet_Types.md,18
Reduction World,縮小的行星,07_Glossary/Place_Names.md,79
Reeunk / Jugkah / Gnusko / Muuhd / Pudt / Yajag / Mak-Roni,里溫克／賈卡／格努斯柯／穆德／普德／亞加格,02_Races/Thraddash.md,198
Reeunk Afterburner,里溫克後燃器,02_Races/Thraddash.md,185
Reincarnation,輪迴,02_Races/Pkunk.md,77
Reject,拒絕／不接受,02_Races/Androsynth.md,82
Rigel,參宿七,06_Locations/Star_Systems.md,41
Rigel,參宿七,07_Glossary/Place_Names.md,33
Rigel,參宿七,09_AI_Prompt/Translate_Lore.md,147
Rigel,參宿七,07_Glossary/Fixed_Terms.csv,171
Root,綠矮星 Root,02_Races/Supox.md,179
"Roswell, New Mexico",新墨西哥州的羅斯威爾,02_Races/Arilou.md,126
Rosy Sphere,玫瑰球體,01_World_Lore/Technology_Level.md,77
Rosy Sphere,玫瑰球體,02_Races/Druuge.md,194
Rosy Sphere,玫瑰球體,05_Technology/Precursor_Artifact.md,92
Rosy Sphere,玫瑰球體,07_Glossary/Master_Glossary.md,223
Rosy Sphere,玫瑰球體,07_Glossary/Tech_Names.md,14
Rosy Sphere,玫瑰球體,07_Glossary/Fixed_Terms.csv,124
Rup-Rup-Rup-BGAK!,呼,08_Translation_Rules/Alien_Speech_Rule.md,32
SHUT UP!,閉嘴,02_Races/Zoq_Fot_Pik.md,145
SNARF!,嗆聲,02_Races/Thraddash.md,173
SNARL!,咆哮,02_Races/Thraddash.md,170
SNORT!,保留原文,02_Races/Thraddash.md,168
SNORT!,哼！,07_Glossary/Master_Glossary.md,332
SNORT!,哼嗤鼻聲,07_Glossary/Master_Glossary.md,427
SNORT!,待譯,08_Translation_Rules/Alien_Speech_Rule.md,42
SNORT!,SNORT!,07_Glossary/Fixed_Terms.csv,208
SURVIVAL SUB-SYSTEM ACTIVATED,生存子系統已啟動,02_Races/Slylandro_Probe.md,131
SYSTEMS CHECK LEVEL FOUR REPORTS FULL FUNCTIONALITY,系統檢查 第四級 回報 完全 功能正常,02_Races/Slylandro_Probe.md,149
Sa-Matra,薩瑪特拉,01_World_Lore/Technology_Level.md,73
Sa-Matra,薩馬特拉,02_Races/Chmmr.md,113
Sa-Matra,保留原文,02_Races/Thraddash.md,204
Sa-Matra,薩馬特拉,02_Races/Ur_Quan_Kohr_Ah.md,124
Sa-Matra,薩馬特拉,02_Races/Ur_Quan_Kzer_Za.md,120
Sa-Matra,薩瑪特拉,03_Characters/Talking_Pet.md,103
Sa-Matra,薩瑪特拉,05_Technology/Precursor_Artifact.md,90
Sa-Matra,薩瑪特拉,07_Glossary/Master_Glossary.md,207
Sa-Matra,薩瑪特拉,07_Glossary/Master_Glossary.md,230
Sa-Matra,薩瑪特拉,07_Glossary/Tech_Names.md,12
Sa-Matra,薩瑪特拉,07_Glossary/Fixed_Terms.csv,122
Sacrifice / Glory,犧牲 / 光榮,02_Races/Shofixti.md,143
Sacrifice / Sacramental,獻祭 / 聖祭的,02_Races/Ilwrath.md,129
Safe / Safety,安全,02_Races/Spathi.md,78
Safe Ones,平安族,02_Races/Spathi.md,83
Safe Ones,平安族,03_Characters/Fwiffo.md,68
Safe Ones,平安族,03_Characters/Safe_Ones_High_Council.md,83
Safe Ones,平安族,03_Characters/Safe_Ones_High_Council.md,227
Safe Ones,平安族,07_Glossary/Master_Glossary.md,80
Safe Ones,平安族,07_Glossary/Fixed_Terms.csv,17
Scout,偵察艦,04_Ships/Alliance_Ships.md,141
Scout,偵察艦,07_Glossary/Master_Glossary.md,180
Scout,偵察艦,07_Glossary/Ship_Names.md,16
Scout,偵察艦,07_Glossary/Fixed_Terms.csv,68
Secret Spathi Cypher,史怕族秘密密碼,03_Characters/Safe_Ones_High_Council.md,85
Secret Spathi Cypher,史怕族秘密密碼,03_Characters/Safe_Ones_High_Council.md,229
Secret Spathi Cypher,史怕族秘密密碼,07_Glossary/Master_Glossary.md,83
Selenic World,輕行星,06_Locations/Planet_Types.md,13
Selenic World,輕行星,07_Glossary/Place_Names.md,74
Sentient Milieu,感知聯盟,02_Races/Ur_Quan_Kzer_Za.md,128
Sentient Milieu,感知聯盟,03_Characters/Talking_Pet.md,97
Sentient Milieu,感知聯盟,03_Characters/Talking_Pet.md,308
Sentient Milieu,感知聯盟,07_Glossary/Master_Glossary.md,314
Sentient Milieu,感知聯盟,07_Glossary/Master_Glossary.md,356
Sentient Milieu,感知聯盟,07_Glossary/Fixed_Terms.csv,152
Sequence,序列,02_Races/Androsynth.md,81
Servitude / enslave,奴役 / 使之為奴,02_Races/Ur_Quan_Kzer_Za.md,118
Shattered Worlds,碎裂世界,02_Races/Mycon.md,142
Shattered Worlds,碎裂世界群,07_Glossary/Master_Glossary.md,131
Sheesh!,唷嘖,02_Races/Zoq_Fot_Pik.md,135
Shiva Furnace,濕婆熔爐,05_Technology/Ship_Modules.md,53
Shiva Furnace,濕婆熔爐,07_Glossary/Master_Glossary.md,367
Shiva Furnace,濕婆熔爐,07_Glossary/Tech_Names.md,107
Shiva Furnace,希瓦爐,07_Glossary/Fixed_Terms.csv,141
Shloosh,舒洛許,07_Glossary/Master_Glossary.md,124
Shofixti,修烈士族,07_Glossary/Master_Glossary.md,50
Shofixti,修烈士族,07_Glossary/Fixed_Terms.csv,10
Shofixti Maidens,修菲少女,02_Races/Druuge.md,202
Shofixti Maidens,修烈士少女,02_Races/VUX.md,186
Sigh,嘆息,02_Races/Utwig.md,117
Sirius,天狼星,06_Locations/Star_Systems.md,33
Sirius,天狼星,07_Glossary/Master_Glossary.md,264
Sirius,天狼星,07_Glossary/Place_Names.md,26
Sirius,天狼星,09_AI_Prompt/Translate_Lore.md,146
Sirius,天狼星,07_Glossary/Fixed_Terms.csv,164
Skiff,快艇,04_Ships/Alliance_Ships.md,142
Skiff,快艇,07_Glossary/Master_Glossary.md,181
Skiff,快艇,07_Glossary/Ship_Names.md,17
Skiff,快艇,07_Glossary/Fixed_Terms.csv,69
Slave,奴隸 / 戰奴 / 禁足奴族,01_World_Lore/Political_System.md,103
Slave Revolt,奴隸起義,07_Glossary/Master_Glossary.md,98
Slave Shield,奴隸防護罩,01_World_Lore/Technology_Level.md,27
Slave Shield,奴隸防護罩,02_Races/Ur_Quan.md,79
Slave Shield,奴隸防護罩,02_Races/Ur_Quan_Kzer_Za.md,115
Slave War,奴隸戰爭,07_Glossary/Master_Glossary.md,99
Slylandro,半正式詩意悠閒,00_Project_Control/Dossier_Voice_Audit_2026-08-15.md,72
Slylandro,斯萊族,07_Glossary/Master_Glossary.md,64
Slylandro,斯萊族,07_Glossary/Fixed_Terms.csv,27
Slylandro Probe,全大寫,00_Project_Control/Dossier_Voice_Audit_2026-08-15.md,109
Slylandro Probe,斯萊探測器,07_Glossary/Master_Glossary.md,65
Slylandro Probe,斯萊探測器,07_Glossary/Fixed_Terms.csv,28
So sorry,深感抱歉,02_Races/Slylandro.md,77
Sol,太陽,09_AI_Prompt/Translate_Lore.md,143
Sol,太陽系,07_Glossary/Fixed_Terms.csv,161
Sol / Sol System,太陽系,07_Glossary/Master_Glossary.md,259
Sol / Sol System,太陽系,07_Glossary/Place_Names.md,12
Solar Manipulator,太陽操縱器,02_Races/Mycon.md,134
Solar Manipulator,恆星操控器,07_Glossary/Master_Glossary.md,122
Space Marines,太空探險隊,07_Glossary/Tech_Names.md,56
Space Marines,*太空探險隊*,07_Glossary/Fixed_Terms.csv,116
Space Patrol,太空巡邏隊,02_Races/Syreen.md,231
Spathi,卑躬屈膝,00_Project_Control/Dossier_Voice_Audit_2026-08-15.md,73
Spathi,史怕族,07_Glossary/Master_Glossary.md,54
Spathi,史怕族,07_Glossary/Fixed_Terms.csv,16
Spathi High Council,史怕族最高議會,07_Glossary/Master_Glossary.md,82
Spathiwa,史怕瓦,03_Characters/Safe_Ones_High_Council.md,96
Spathiwa,史怕瓦,03_Characters/Safe_Ones_High_Council.md,230
Spathiwa,史怕瓦,07_Glossary/Master_Glossary.md,84
Spears of light in the darkness,黑暗中的光之矛,02_Races/Mycon.md,131
Sphere of Influence,影響圈,07_Glossary/Master_Glossary.md,290
Sphere of Influence,影響圈,07_Glossary/Place_Names.md,93
Sphere of Influence,影響圈,07_Glossary/Tech_Names.md,162
Sphere of Influence,影響圈,07_Glossary/Fixed_Terms.csv,193
Splib,小普利,07_Glossary/Master_Glossary.md,112
Spore / Seed,孢子 / 種子,02_Races/Ur_Quan_Kohr_Ah.md,115
Star Control,星際指揮部,07_Glossary/Master_Glossary.md,240
Star Control,星際指揮部,07_Glossary/Tech_Names.md,135
Star Control,星際指揮部,07_Glossary/Fixed_Terms.csv,131
Starbase,星際基地,07_Glossary/Master_Glossary.md,291
Starbase,星際基地,07_Glossary/Place_Names.md,92
Starbase,星際基地,07_Glossary/Fixed_Terms.csv,192
Starbase Commander,Starbase 指揮官,02_Races/Syreen.md,235
Stinger,刺激者號,04_Ships/Neutral_Ships.md,166
Stinger,刺針號,07_Glossary/Master_Glossary.md,195
Stinger,刺激者號,07_Glossary/Ship_Names.md,49
Stinger,刺激者號,07_Glossary/Fixed_Terms.csv,82
Stinger starship,刺激者號,02_Races/Zoq_Fot_Pik.md,153
Storage Bay,儲藏艙,05_Technology/Ship_Modules.md,36
Storage Bay,貨艙,07_Glossary/Master_Glossary.md,372
Storage Bay,儲藏艙,07_Glossary/Tech_Names.md,89
Sub-commander DAX,達克斯副指揮官,02_Races/VUX.md,190
Sub-commander DAX,副指揮官達克斯,07_Glossary/Master_Glossary.md,154
Submit or die,臣服，否則覆滅,02_Races/Ur_Quan_Kzer_Za.md,119
Sun Device,太陽裝置,01_World_Lore/Technology_Level.md,76
Sun Device,太陽裝置,05_Technology/Precursor_Artifact.md,93
Sun Device,太陽裝置,07_Glossary/Master_Glossary.md,221
Sun Device,太陽裝置,07_Glossary/Tech_Names.md,18
Sun Device,太陽裝置,07_Glossary/Fixed_Terms.csv,125
Superior,優越,02_Races/Androsynth.md,80
Supox,極正式優雅,00_Project_Control/Dossier_Voice_Audit_2026-08-15.md,74
Supox,蘇菩族,07_Glossary/Master_Glossary.md,61
Supox,蘇菩族,07_Glossary/Fixed_Terms.csv,24
Supox Blade,蘇菩鋒刃艦,02_Races/Supox.md,201
Sweet Cakes,小甜心,02_Races/Syreen.md,241
Symbiosis / symbionts,共生 / 共生者,02_Races/Supox.md,172
Synthesis,合成 / 融合,02_Races/Mmrnmhrm.md,80
Syra,保留原文 · 已毀滅的家園,02_Races/Syreen.md,228
Syra,席拉星,03_Characters/Talana.md,71
Syra,席拉,07_Glossary/Master_Glossary.md,287
Syra,席拉,07_Glossary/Place_Names.md,64
Syra,席拉,07_Glossary/Fixed_Terms.csv,188
Syreen,古典感,00_Project_Control/Dossier_Voice_Audit_2026-08-15.md,59
Syreen,塞蓮族,07_Glossary/Master_Glossary.md,53
Syreen,塞蓮族,07_Glossary/Fixed_Terms.csv,15
Syreen Song,塞蓮之歌,07_Glossary/Tech_Names.md,45
Syreen Song,塞蓮之歌,07_Glossary/Fixed_Terms.csv,106
TARGET,目標,02_Races/Slylandro_Probe.md,147
THANK YOU! THANK YOU! THANK YOU!,謝謝你！ 謝謝你！ 謝謝你！,02_Races/Dnyarri.md,189
THIRD LAW,第三定律,02_Races/Slylandro_Probe.md,129
THIS IS PROBE 2418-B,本探測器編號 2418-B。,02_Races/Slylandro_Probe.md,126
Taalo,塔洛族,02_Races/Ur_Quan_Kohr_Ah.md,122
Taalo,塔洛族,03_Characters/Talking_Pet.md,98
Taalo,塔洛族,07_Glossary/Master_Glossary.md,72
Taalo,塔洛族,07_Glossary/Fixed_Terms.csv,35
Taalo Shield,塔洛防護罩,01_World_Lore/Technology_Level.md,75
Taalo Shield,塔洛防護罩,05_Technology/Precursor_Artifact.md,94
Taalo Shield,塔洛防護罩,07_Glossary/Master_Glossary.md,222
Taalo Shield,塔洛防護罩,07_Glossary/Tech_Names.md,19
Taalo Shield,塔洛防護罩,07_Glossary/Fixed_Terms.csv,126
Taalo device,塔洛裝置,03_Characters/Talking_Pet.md,100
Taalo device,塔洛裝置,03_Characters/Talking_Pet.md,310
Taalo device,塔洛裝置,07_Glossary/Master_Glossary.md,90
Taalo shield,塔洛盾,03_Characters/Talking_Pet.md,99
Taalo shield,塔洛盾,03_Characters/Talking_Pet.md,309
Taalo shield,塔洛盾,07_Glossary/Master_Glossary.md,89
Talana,泰蘭娜,07_Glossary/Master_Glossary.md,149
Talana,泰蘭娜,07_Glossary/Fixed_Terms.csv,45
Talking Pet,會話寵,02_Races/Arilou.md,145
Talking Pet,會話寵,02_Races/Umgah.md,141
Talking Pet,會話寵,03_Characters/Talking_Pet.md,94
Talking Pet,會話寵 / 蟾亞 dual-identity,03_Characters/Talking_Pet.md,303
Talking Pet,會話寵,07_Glossary/Master_Glossary.md,71
Talking Pet,會話寵 / 蟾亞,07_Glossary/Master_Glossary.md,85
Talking Pet,會話寵,07_Glossary/Fixed_Terms.csv,34
Tanaka,田中,02_Races/Shofixti.md,139
Tanaka,田中,07_Glossary/Fixed_Terms.csv,57
Technology,技術,02_Races/Melnorme.md,79
Tender Shoot,嫩芽號,02_Races/Supox.md,181
Terminator,終結者,04_Ships/Alliance_Ships.md,139
Terminator,終結者,07_Glossary/Master_Glossary.md,178
Terminator,終結者,07_Glossary/Ship_Names.md,15
Terminator,終結者,07_Glossary/Fixed_Terms.csv,66
Terrible death,可怕的死亡,02_Races/Spathi.md,81
The Below / Outside / Beyond,底層 / 外面 / 彼岸,02_Races/Arilou.md,144
"The Druuge, the cruel, sallow trading race",毒賈族,02_Races/Supox.md,189
The Process,融合工程,02_Races/Chmmr.md,105
The Sport of Kings,諸王之運動！,07_Glossary/Master_Glossary.md,347
The Twins Of Darkness / The Wicked Pair / Duo Of Deception,黑暗雙神 / 邪惡雙生 / 欺詐雙生,02_Races/Ilwrath.md,121
The Ultimate / Universal,宇宙至物,02_Races/Utwig.md,120
The Vault,庇護所,07_Glossary/Master_Glossary.md,286
The Vault,庇護所,07_Glossary/Place_Names.md,91
The Vault,庇護所,07_Glossary/Fixed_Terms.csv,191
The Wearers of Masks,面具族,02_Races/Thraddash.md,208
The Words,那句話,03_Characters/Safe_Ones_High_Council.md,93
The Words,那句話,07_Glossary/Master_Glossary.md,100
The agreed-upon exchange is hereby enacted,茲此執行協議之交易,02_Races/Druuge.md,211
Thraddash,粗魯自嘲,00_Project_Control/Dossier_Voice_Audit_2026-08-15.md,75
Thraddash,撻伐族,07_Glossary/Master_Glossary.md,63
Thraddash,撻伐族,07_Glossary/Fixed_Terms.csv,26
Tobermoon,土柏月亮號,04_Ships/Player_Flagship.md,86
Tobermoon,土柏月亮號,07_Glossary/Master_Glossary.md,206
Tobermoon,土柏月亮號,07_Glossary/Ship_Names.md,61
Tobermoon,土柏月亮號,07_Glossary/Fixed_Terms.csv,88
Token,譯文,08_Translation_Rules/Humor_Rule.md,405
Token,原譯,09_AI_Prompt/Translate_Dialogue.md,247
Torch,火炬艦,04_Ships/Neutral_Ships.md,161
Torch,火炬艦,07_Glossary/Master_Glossary.md,192
Torch,火炬艦,07_Glossary/Ship_Names.md,44
Torch,火炬艦,07_Glossary/Fixed_Terms.csv,80
Torch / Fury,火炬艦,04_Ships/Neutral_Ships.md,162
Touch-o-Vision,觸感電視,02_Races/Syreen.md,251
Tracking System,追蹤系統,05_Technology/Ship_Modules.md,62
Tracking System,追蹤系統,07_Glossary/Tech_Names.md,111
Tractor Beam,牽引光束,01_World_Lore/Technology_Level.md,26
Tractor Beam,牽引光束,07_Glossary/Tech_Names.md,61
Tractor Beam,牽引光束,07_Glossary/Fixed_Terms.csv,121
Trade Master,貿易官,01_World_Lore/Political_System.md,104
Trade Master,貿易官,02_Races/Melnorme.md,80
Trade Master Greenish,綠光貿易官,03_Characters/Trade_Master_Greenish.md,67
Trade Master Greenish,綠光貿易官,07_Glossary/Master_Glossary.md,151
Trade Master Greenish,綠光貿易官,07_Glossary/Fixed_Terms.csv,47
Trader / Melnorme Ship,貿易艦,04_Ships/Neutral_Ships.md,164
Trader / Melnorme Ship,梅諾商貿易艦,07_Glossary/Master_Glossary.md,194
Trader / Melnorme Ship,梅諾商貿易艦,07_Glossary/Master_Glossary.md,384
Trader / Melnorme Ship,梅諾商貿易艦,07_Glossary/Ship_Names.md,47
Transformer,變形艦,07_Glossary/Fixed_Terms.csv,63
Transformer / X-Form,變形艦,04_Ships/Alliance_Ships.md,137
Transformer / X-Form,變形艦,07_Glossary/Master_Glossary.md,176
Transformer / X-Form vessel,變形艦,07_Glossary/Ship_Names.md,13
Trident of Wimbli,温布利三叉戟,02_Races/Druuge.md,196
Trident of Wimbli / Wimbli's Trident,温布利三叉戟,07_Glossary/Master_Glossary.md,225
Triple Bullets,三連發彈,07_Glossary/Tech_Names.md,48
Triple Bullets,三連發彈,07_Glossary/Fixed_Terms.csv,109
Trolly Bazoo,待選,08_Translation_Rules/Alien_Speech_Rule.md,44
Trooba Fern,楚巴蕨,07_Glossary/Master_Glossary.md,106
TrueSpace,真實空間,01_World_Lore/Technology_Level.md,9
TrueSpace,真實空間,02_Races/Arilou.md,140
TrueSpace,真實空間,06_Locations/Star_Systems.md,56
TrueSpace,真實空間,07_Glossary/Master_Glossary.md,245
TrueSpace,真實空間,07_Glossary/Place_Names.md,90
TrueSpace,真實空間,07_Glossary/Tech_Names.md,161
TrueSpace,真實空間,07_Glossary/Fixed_Terms.csv,129
Turbo Thruster,渦輪推進器,05_Technology/Ship_Modules.md,13
Turbo Thruster,渦輪推進器,07_Glossary/Tech_Names.md,73
Turbo-Thrusters / Turbo-Boosted,渦輪推進器,02_Races/Thraddash.md,187
Turning Jet,轉向噴嘴,05_Technology/Ship_Modules.md,20
Turning Jet,轉向噴射器,07_Glossary/Master_Glossary.md,371
Turning Jet I/II/III,轉向噴嘴,07_Glossary/Tech_Names.md,80
Turning Jet II,轉向噴嘴,05_Technology/Ship_Modules.md,21
Turning Jet III,轉向噴嘴,05_Technology/Ship_Modules.md,22
Turning Jets,轉向噴射器,01_World_Lore/Technology_Level.md,39
Turret Cannon,砲塔火砲,05_Technology/Ship_Modules.md,45
Twin Pulsar Cannons,雙脈衝砲,07_Glossary/Tech_Names.md,41
Twin Pulsar Cannons,雙脈衝砲,07_Glossary/Fixed_Terms.csv,101
Two leaves pull water from the same root,雙葉共汲於一根。,02_Races/Supox.md,175
Typo,正確,11_QA/Error_List.md,133
Tzo crystal,佐晶,07_Glossary/Master_Glossary.md,361
Ulp!,呃,02_Races/Thraddash.md,176
Ultimate Evil,終極之惡,03_Characters/Safe_Ones_High_Council.md,97
Ultimate Weapon,終極武器,02_Races/Supox.md,197
Ultron,厄創,01_World_Lore/Technology_Level.md,74
Ultron,厄創,02_Races/Druuge.md,193
Ultron,究極子,02_Races/Supox.md,196
Ultron,厄創,02_Races/Utwig.md,118
Ultron,厄創,05_Technology/Precursor_Artifact.md,91
Ultron,厄創,07_Glossary/Master_Glossary.md,220
Ultron,厄創,07_Glossary/Tech_Names.md,13
Ultron,厄創,07_Glossary/Fixed_Terms.csv,123
Ultron Saint,厄創聖徒,07_Glossary/Master_Glossary.md,116
Umgah,粗俗黑色荒謬,00_Project_Control/Dossier_Voice_Audit_2026-08-15.md,57
Umgah,一般粗俗黑色荒謬,00_Project_Control/Dossier_Voice_Audit_2026-08-15.md,137
Umgah,陰嘎族,07_Glossary/Master_Glossary.md,55
Umgah,陰嘎族,07_Glossary/Fixed_Terms.csv,18
Umgah Hyperspatial Terror,陰嘎超空間恐懼,07_Glossary/Tech_Names.md,17
Unzervalt,恩澤伐特,07_Glossary/Fixed_Terms.csv,186
Unzervalt / Vela II,恩澤伐特,07_Glossary/Master_Glossary.md,262
Unzervalt / Vela II,恩澤伐特,07_Glossary/Place_Names.md,63
Ur-Quan,烏寬族,07_Glossary/Master_Glossary.md,44
Ur-Quan,烏寬族,09_AI_Prompt/Terminology_Audit.md,133
Ur-Quan,烏寬族,07_Glossary/Fixed_Terms.csv,2
Ur-Quan / Kohr-Ah,烏寬／科拉,02_Races/Supox.md,199
Ur-Quan / Kohr-Ah,烏寬／科拉,02_Races/Thraddash.md,205
Ur-Quan Hierarchy,烏寬戰奴階層,07_Glossary/Fixed_Terms.csv,144
Ur-Quan Hierarchy of Battle Thralls,烏寬戰奴階層,07_Glossary/Master_Glossary.md,306
Ur-Quan Kohr-Ah,烏寬柯亞,07_Glossary/Master_Glossary.md,46
Ur-Quan Kohr-Ah,烏寬柯亞,07_Glossary/Fixed_Terms.csv,5
Ur-Quan Kzer-Za,烏寬克澤札,07_Glossary/Master_Glossary.md,45
Ur-Quan Kzer-Za,烏寬克澤札,07_Glossary/Fixed_Terms.csv,3
Ur-Quan Master Nine,烏寬主宰九號,02_Races/Syreen.md,240
Ur-Quan slave raider,烏寬奴役襲擊艦,03_Characters/Talking_Pet.md,105
Ur-Quan slave raider,烏寬奴役襲擊艦,03_Characters/Talking_Pet.md,311
Ur-Quan slave raider,烏寬奴役襲擊艦,07_Glossary/Master_Glossary.md,91
Utricularia,狸藻屬,02_Races/Supox.md,180
Utwig,已完成修訂,00_Project_Control/Dossier_Voice_Audit_2026-08-15.md,76
Utwig,損壞,00_Project_Control/Dossier_Voice_Audit_2026-08-15.md,134
Utwig,憂特族,07_Glossary/Master_Glossary.md,60
Utwig,憂特族,07_Glossary/Fixed_Terms.csv,23
Utwig / Wearers of Masks,憂特族／面具族,02_Races/Supox.md,188
Utwig Proctor,憂特族主使,02_Races/Supox.md,198
Utwig Proctorate,憂特監督團,07_Glossary/Fixed_Terms.csv,153
Utwig Proctorate / Proctors,憂特監督團,07_Glossary/Master_Glossary.md,315
VUX,保留原文,07_Glossary/Master_Glossary.md,57
VUX,三字母大寫,08_Translation_Rules/Naming_Rule.md,175
VUX,VUX,07_Glossary/Fixed_Terms.csv,20
VUX Commander YAX,VUX 指揮官雅克斯,07_Glossary/Master_Glossary.md,155
VUX Laser,雷射,07_Glossary/Tech_Names.md,35
VUX Laser,雷射,07_Glossary/Fixed_Terms.csv,95
Veep-Kreep Clan,維普克利普氏族,07_Glossary/Master_Glossary.md,395
Vega,織女星,07_Glossary/Master_Glossary.md,267
Vega,織女星,09_AI_Prompt/Translate_Lore.md,149
Vela,船帆座,07_Glossary/Place_Names.md,41
Vela,船帆座,07_Glossary/Fixed_Terms.csv,178
Vela / Alpha Velae,船帆座,07_Glossary/Master_Glossary.md,261
Vela II,船帆星 II,07_Glossary/Fixed_Terms.csv,187
Very Ugly Xenoform,極醜異體生物,03_Characters/Admiral_ZEX.md,67
Vessel,容器,07_Glossary/Master_Glossary.md,134
Vibration,振動 / 振頻,02_Races/Pkunk.md,80
Villains! Pilferers! Crooks!,惡徒,02_Races/Druuge.md,199
Vindicator,復仇者號,01_World_Lore/Technology_Level.md,72
Vindicator,復仇者號,04_Ships/Player_Flagship.md,84
Vindicator,復仇艦,04_Ships/Player_Flagship.md,85
Vindicator,復仇者號,05_Technology/Precursor_Artifact.md,95
Vindicator,復仇者號,07_Glossary/Master_Glossary.md,204
Vindicator,復仇艦,07_Glossary/Master_Glossary.md,205
Vindicator,復仇者號,07_Glossary/Ship_Names.md,59
Vindicator,復仇艦,07_Glossary/Ship_Names.md,60
Vindicator,復仇者號,07_Glossary/Fixed_Terms.csv,86
Vindicator,復仇艦,07_Glossary/Fixed_Terms.csv,87
Vlik,維利克,02_Races/Supox.md,178
Void,虛,02_Races/Mycon.md,127
Void,虛空,07_Glossary/Master_Glossary.md,120
Vortex Spawner,漩渦生成器,02_Races/Druuge.md,205
Vortex Spawner,漩渦生成器,07_Glossary/Master_Glossary.md,226
Vulpeculae,狐狸座,07_Glossary/Master_Glossary.md,271
Vulpeculae,狐狸座,07_Glossary/Place_Names.md,30
Vulpeculae,狐狸座,07_Glossary/Fixed_Terms.csv,168
WE ARE FREE!,我等即獲自由！,02_Races/Chmmr.md,103
WE ARE THE CHMMR,我等即查姆族。,02_Races/Chmmr.md,104
WE COME IN PEACE,我方為和平而來。,02_Races/Slylandro_Probe.md,123
WEAPONS ENGAGED,武器已就緒,02_Races/Slylandro_Probe.md,132
WHIMPER!,嗚嗚,02_Races/Thraddash.md,171
Waiver of Damages,免責同意書,07_Glossary/Master_Glossary.md,362
Warrior,戰士,02_Races/Shofixti.md,144
Water World,水行星,06_Locations/Planet_Types.md,12
Water World,水行星,07_Glossary/Place_Names.md,73
We are doomed!,我們快死了,02_Races/Zoq_Fot_Pik.md,132
We know it's unreasonable,我族,02_Races/VUX.md,124
We learn and we adapt. We are symbionts. Our first step in making friends is always to copy them. This is our idiom,我方學習,02_Races/Supox.md,183
Well bloat my belly!,哎,02_Races/Umgah.md,127
Well pop my pupae!,我的蛹突然爆開,02_Races/Umgah.md,128
Wezzy-Wezzah,辭世禱,03_Characters/Safe_Ones_High_Council.md,91
When the Creators return,當造物主歸來時,02_Races/Mycon.md,144
Whereas / hereinafter known as / hereby,鑑於／以下簡稱／茲此,02_Races/Druuge.md,190
Whew!,呼,02_Races/Supox.md,194
Whoopdy Dee,待選,08_Translation_Rules/Alien_Speech_Rule.md,43
Winds,風,02_Races/Slylandro.md,75
Wish to purchase,想購買,02_Races/Melnorme.md,77
Woof woof!,汪汪！,03_Characters/Talking_Pet.md,115
X-Form,X 型艦,07_Glossary/Fixed_Terms.csv,64
YEEP!,咿咧,02_Races/Yehat.md,131
YOU ARE PREPARED,你已準備完畢。,02_Races/Chmmr.md,116
Yak! Yak! Yak! / Yammer! Yammer! Yammer!,呀,02_Races/Thraddash.md,175
"Yeah, that's the ticket!",對嘛，就是這樣！,03_Characters/Talking_Pet.md,123
Yech!,噁,02_Races/Zoq_Fot_Pik.md,142
Yee-ha!,呀吼,02_Races/Zoq_Fot_Pik.md,136
Yehat,翼哈特族,07_Glossary/Master_Glossary.md,51
Yehat,翼哈特族,07_Glossary/Fixed_Terms.csv,11
Yehat Rebels,翼哈特叛軍,07_Glossary/Master_Glossary.md,79
Yehat Rebels,翼哈特叛軍,07_Glossary/Fixed_Terms.csv,12
Yessiree,當然沒錯,03_Characters/Commander_Hayes.md,66
"Yip, Tun, Haffy",依普,02_Races/Zoq_Fot_Pik.md,155
Yip/Tun/Haffy/Jiff/Fod/Rogi/Buppo,葉普/屯/哈菲/吉夫/佛德/羅吉/布波,07_Glossary/Master_Glossary.md,350
Your instincts are like perfume,你的直覺猶如香氣,02_Races/Arilou.md,147
Yuffo,尤佛,03_Characters/Safe_Ones_High_Council.md,95
Yuptar,尤普塔族,02_Races/Ur_Quan_Kzer_Za.md,130
Yuptar,尤普塔,07_Glossary/Master_Glossary.md,96
ZEX,澤克斯,07_Glossary/Fixed_Terms.csv,48
Zapsat Laser,Zap 衛星雷射,07_Glossary/Tech_Names.md,60
Zapsat Laser,Zap 衛星雷射,07_Glossary/Fixed_Terms.csv,120
Zapsats,雷射衛星,02_Races/Chmmr.md,118
Zebranky,札布蘭奇,02_Races/Zoq_Fot_Pik.md,151
Zebranky,札布蘭奇,02_Races/Zoq_Fot_Pik.md,161
Zebranky,澤布蘭基,07_Glossary/Master_Glossary.md,348
Zeeman-Vela,日曼-微拉,07_Glossary/Master_Glossary.md,283
Zeeman-Vela,日曼-微拉,07_Glossary/Place_Names.md,52
Zeeman-Vela,日曼-微拉,07_Glossary/Fixed_Terms.csv,183
Zeeman-Vela Nebula,日曼-微拉星雲,06_Locations/Star_Systems.md,45
Zeta Hyades / Hyades,畢宿星團ζ,07_Glossary/Master_Glossary.md,278
Zeta Persei,英仙座,02_Races/Druuge.md,209
Zeta Persei,英仙座,06_Locations/Star_Systems.md,49
Zeta Persei,英仙座 ζ,07_Glossary/Master_Glossary.md,281
Zeta Persei,英仙座 ζ,07_Glossary/Place_Names.md,43
Zeta Persei,英仙座 ζ,07_Glossary/Fixed_Terms.csv,181
Zeta Sextantis,六分儀座 ζ,07_Glossary/Master_Glossary.md,280
Zeta Sextantis,六分儀座 ζ,07_Glossary/Place_Names.md,44
Zeta Sextantis,六分儀座 ζ,07_Glossary/Fixed_Terms.csv,180
Zoq / Fot / Pik,佐格 / 佛特 / 皮克,07_Glossary/Master_Glossary.md,349
Zoq-Fot-Pik,三方交錯,00_Project_Control/Dossier_Voice_Audit_2026-08-15.md,113
Zoq-Fot-Pik,佐-佛-皮,07_Glossary/Master_Glossary.md,69
Zoq-Fot-Pik,佐-佛-皮,07_Glossary/Fixed_Terms.csv,32
a small chance that,有一個很小的可能,03_Characters/Fwiffo.md,72
a strategic retreat,戰略性撤退,03_Characters/Fwiffo.md,74
a true harridan,一個十足的潑婦,07_Glossary/Master_Glossary.md,400
allowed you to recall our examinations,允許你們記起我們的檢查,02_Races/Arilou.md,132
an endless party,一場無盡的派對,02_Races/Dnyarri.md,168
annihilation toroid,殲滅環面砲,02_Races/Chenjesu.md,118
annihilation toroid,殲滅環面砲,02_Races/Chmmr.md,114
battle thralls / fighting slaves,戰奴／戰鬥奴隸,02_Races/Thraddash.md,206
beautiful,美麗的 / 迷人的,02_Races/VUX.md,183
beautiful Captain,美麗的地球艦長,02_Races/Syreen.md,246
bigot / bigoted,偏見狂 / 偏執狂,02_Races/VUX.md,123
blackheart,黑心賊,02_Races/Druuge.md,201
blobbies,黏團們,02_Races/Umgah.md,130
blow chunks,吐得亂七八糟 / 大吐特吐,02_Races/VUX.md,117
blubbering fop,哭夭鬼,03_Characters/Talking_Pet.md,119
boneless dweeb,軟骨呆瓜,03_Characters/Talking_Pet.md,117
breegs,布利格獸,02_Races/Yehat.md,142
broodhome,母艦,02_Races/Chenjesu.md,111
broodhome / X-form,母艦 / X 型艦,02_Races/Chmmr.md,111
bummer,靠,03_Characters/Talking_Pet.md,121
butt blasted,屁滾尿流,07_Glossary/Master_Glossary.md,483
butt blasted,屁股被轟爛,08_Translation_Rules/Style_Guide.md,167
butt blasted,屁股被轟爛,09_AI_Prompt/Translate_Dialogue.md,545
butt blasted,屁滾尿流,07_Glossary/Fixed_Terms.csv,213
celestial harmony,天國之和諧,02_Races/Utwig.md,123
chrysalis / cocoon,蛹 / 繭,02_Races/Chenjesu.md,114
collection,收藏 / 珍藏,03_Characters/Admiral_ZEX.md,68
combat thralls,戰奴,02_Races/Syreen.md,236
contract with God,與神明之合約,02_Races/Druuge.md,189
coreward,銀核方向,07_Glossary/Master_Glossary.md,353
coward!,膽小鬼,02_Races/Zoq_Fot_Pik.md,149
crew members to play with,船員陪本尊玩,02_Races/Dnyarri.md,169
crucible of sentience,意識的熔爐,02_Races/Chenjesu.md,112
crystal amplification / crystal technology,晶體放大 / 晶體技術,02_Races/Chmmr.md,109
crystalline,晶體的 / 晶脈的,02_Races/Chenjesu.md,109
dark cousins of Ur-Quan,烏寬之陰黑表親,07_Glossary/Master_Glossary.md,114
dark ships,黑艦,07_Glossary/Master_Glossary.md,113
"diandrous, malefic vegetarians!",兩雄蕊,02_Races/Supox.md,191
dimensional fatigue rays,維度疲勞射線,02_Races/Arilou.md,143
discreet,私密的 / 低調的,02_Races/VUX.md,189
dolt / boyo,蠢材／小子,02_Races/Thraddash.md,182
donkey breath,臭嘴巴,07_Glossary/Master_Glossary.md,482
donkey breath,驢子口臭,08_Translation_Rules/Style_Guide.md,166
donkey breath,驢子口臭,09_AI_Prompt/Translate_Dialogue.md,544
donkey breath,臭嘴巴,07_Glossary/Fixed_Terms.csv,212
dorfs,多夫,02_Races/Zoq_Fot_Pik.md,163
encrustlings,甲殼幼體,03_Characters/Safe_Ones_High_Council.md,88
esteemed client,尊貴的顧客,02_Races/Druuge.md,171
exquisite,極品的 / 精緻的,03_Characters/Admiral_ZEX.md,70
fallow slaves,禁足奴族,02_Races/Syreen.md,237
false Queen,偽女皇,07_Glossary/Master_Glossary.md,398
faunal comrade,動物之友,02_Races/Supox.md,187
fertilizer for our fodderland,我們牧場的肥料,02_Races/Thraddash.md,202
firefalls of Nalnar / servants of Mali,納爾納之火瀑／馬利之僕人,02_Races/Supox.md,202
foul,令人厭惡的,03_Characters/Admiral_ZEX.md,71
fungus-boys,黏菌仔,07_Glossary/Master_Glossary.md,128
fuzzy wumpus,毛絨溫獸,07_Glossary/Master_Glossary.md,115
genetic memory,基因記憶,03_Characters/Talking_Pet.md,110
genetic memory,基因記憶,07_Glossary/Master_Glossary.md,95
going insane,快慢慢瘋掉了,02_Races/Dnyarri.md,167
grief / sorrow / anguish,悲傷／哀愁／苦痛,02_Races/Utwig.md,121
grotesque,詭異畸形,02_Races/VUX.md,122
guard the flank / rear,顧側翼／顧後方,02_Races/Thraddash.md,203
harpy Queen,鷹身女妖女皇,07_Glossary/Master_Glossary.md,401
hee-hee-hee,陰險笑聲,07_Glossary/Master_Glossary.md,425
hee-hee-hee,待譯,08_Translation_Rules/Alien_Speech_Rule.md,40
hee-hee-hee,hee-hee-hee,07_Glossary/Fixed_Terms.csv,206
hideous / repulsive,醜到爆 / 噁心得要死 / 讓人反胃,02_Races/VUX.md,120
historical oddments and genuine artifacts,歷史雜物與真跡古物,07_Glossary/Master_Glossary.md,386
hobby,帶暗示,02_Races/VUX.md,187
hot light in the darkness,黑暗中的熾光,02_Races/Mycon.md,140
hot warmth in the cold Void,冰冷 Void 中的熾熱,02_Races/Mycon.md,139
human Earthling,人族地球人,02_Races/Umgah.md,131
implantation fleet,植入艦隊,07_Glossary/Master_Glossary.md,132
interloper,闖入者,02_Races/Ur_Quan_Kzer_Za.md,125
jerk,混蛋,02_Races/Zoq_Fot_Pik.md,150
kind of cute,挺可愛的,02_Races/Syreen.md,247
lander,登陸艇,07_Glossary/Master_Glossary.md,246
lander,登陸艇,07_Glossary/Tech_Names.md,118
lander,登陸艇,07_Glossary/Fixed_Terms.csv,134
light and steel,光芒與鋼鐵,02_Races/Chmmr.md,108
limpet,吸附雷,07_Glossary/Master_Glossary.md,235
limpet,吸附雷,07_Glossary/Tech_Names.md,36
limpet,吸附雷,07_Glossary/Fixed_Terms.csv,96
lobotomize,智能閹割,03_Characters/Talking_Pet.md,314
lobotomize,智能閹割,07_Glossary/Master_Glossary.md,94
lobotomize / castrate,智能閹割,03_Characters/Talking_Pet.md,109
luscious / robust,豐潤的 / 結實的,02_Races/VUX.md,182
magma,岩漿,02_Races/Mycon.md,137
matter-antimatter bomb,正反物質炸彈,02_Races/Chmmr.md,112
meat-creature,肉塊生物,03_Characters/Admiral_ZEX.md,72
menagerie,珍禽異獸收藏館 / 我的收藏園,02_Races/VUX.md,184
mental compulsion,心靈操控,03_Characters/Talking_Pet.md,108
meta-marsupial,超有袋類,07_Glossary/Master_Glossary.md,382
missing days,失憶的日子,02_Races/Arilou.md,128
monkey-boy,猿猴子,03_Characters/Talking_Pet.md,118
mortal helix,凡俗生死之螺旋,03_Characters/Safe_Ones_High_Council.md,92
music loops,音樂循環,02_Races/Dnyarri.md,165
my children,我的孩子們,02_Races/VUX.md,185
my children,我的孩子們,07_Glossary/Master_Glossary.md,238
my darling / my human,我親愛的 / 我的人類,02_Races/Syreen.md,243
my dear Captain,親愛的艦長,03_Characters/Talana.md,68
neo-Dnyarri,不直譯,03_Characters/Talking_Pet.md,96
neo-Dnyarri,不直譯，通篇用「會話寵」/「蟾亞」交替,03_Characters/Talking_Pet.md,305
neo-Dnyarri,不直譯,07_Glossary/Master_Glossary.md,86
new child,我的新孩子,07_Glossary/Master_Glossary.md,239
nourishment / warmth,養分 / 溫暖,02_Races/Mycon.md,138
numbskull,數字骷髏,08_Translation_Rules/Style_Guide.md,170
obnoxious human,討人厭的地球人,02_Races/Syreen.md,244
offer / trade,提議／交易,03_Characters/Trade_Master_Greenish.md,70
offspring,後裔,02_Races/Ur_Quan_Kzer_Za.md,124
once and future ally,曾經與未來的盟友,02_Races/Chenjesu.md,113
oowee master ZEN DUX,舞動嗷嗚大師禪·杜克斯,07_Glossary/Master_Glossary.md,156
orz.zh-TW.json,星號詞語格式驗證,11_QA/Error_List.md,122
our Eden / our paradise,我族的伊甸園 / 我族的樂園,02_Races/Syreen.md,230
our nightmare,我們的惡夢,02_Races/Zoq_Fot_Pik.md,164
our people,我族／我族人,03_Characters/Talana.md,72
parents' parents' parents',祖輩之祖輩之祖輩之祖輩,02_Races/Mycon.md,152
penguin,企鵝,02_Races/Thraddash.md,209
planeteering tool / planeteering device,星體工程器,07_Glossary/Master_Glossary.md,117
playing second banana to the Utwig,當憂特的配角,02_Races/Supox.md,195
please please please,拜託拜託拜託,03_Characters/Fwiffo.md,71
"process, in the middle of",正處於融合工程之中,02_Races/Chenjesu.md,107
prognosticators,預言家,03_Characters/Safe_Ones_High_Council.md,89
psychic compulsion,心靈操控,03_Characters/Talking_Pet.md,107
psychic compulsion,心靈操控,03_Characters/Talking_Pet.md,313
psychic compulsion,心靈操控,07_Glossary/Master_Glossary.md,93
radiant energy,輻射能量 / 光輝之能,02_Races/Chenjesu.md,110
radiant energy,輻射能量 / 光輝之能,02_Races/Chmmr.md,107
regurgitate uncontrollably,忍不住吐出來 / 控制不住地嘔吐,02_Races/VUX.md,116
relationship,帶曖昧,02_Races/VUX.md,188
renegade,背叛者,02_Races/Ur_Quan_Kzer_Za.md,123
rogue,漏網之奴,07_Glossary/Master_Glossary.md,97
roof-rabbit,小兔崽子,07_Glossary/Master_Glossary.md,480
roof-rabbit,屋頂兔,08_Translation_Rules/Style_Guide.md,164
roof-rabbit,屋頂兔,09_AI_Prompt/Translate_Dialogue.md,542
roof-rabbit,小兔崽子,07_Glossary/Fixed_Terms.csv,210
sa-matra,薩馬特拉,02_Races/Chenjesu.md,117
safeones,三個,09_AI_Prompt/Translate_Dialogue.md,192
self-justifying,不證自明,02_Races/Ur_Quan_Kohr_Ah.md,121
shellcases,甲殼盒,03_Characters/Safe_Ones_High_Council.md,94
shofixti.zh-TW.json,日文人名保留,11_QA/Error_List.md,123
silly fool / silly human Captain,傻子 / 傻艦長,02_Races/Syreen.md,245
slave scum,奴隸垃圾,08_Translation_Rules/Style_Guide.md,172
slave shield,奴役護盾,07_Glossary/Tech_Names.md,148
slave shield,奴役護盾,07_Glossary/Fixed_Terms.csv,132
slave shield / Fallow Slave Shield,奴役護盾,07_Glossary/Master_Glossary.md,241
space garbage,太空垃圾,08_Translation_Rules/Style_Guide.md,171
specimen,標本 / 珍品,03_Characters/Admiral_ZEX.md,69
spore / spore sacs,孢子 / 孢子囊,02_Races/Mycon.md,136
standing stones / pyramids,巨石陣 / 金字塔,02_Races/Arilou.md,130
stunray bolt-beamer gun,昏定波束槍,07_Glossary/Master_Glossary.md,375
stupid captain human dog,蠢艦長人類狗,02_Races/Thraddash.md,180
super-bomb,超級炸彈,07_Glossary/Master_Glossary.md,380
"sweet, doughy cylinders in the foil pouches",鋁箔袋裡那些甜膩膩的麵團圓筒,02_Races/Dnyarri.md,166
synthesis / synthetic hybridization,合成 / 綜合雜交合成,02_Races/Chenjesu.md,108
synthesis mechanisms,合成機制,02_Races/Chmmr.md,106
talkingpet,個體,09_AI_Prompt/Translate_Dialogue.md,193
termination / rebirth,終結 / 重生,02_Races/Ur_Quan_Kohr_Ah.md,120
that was my only penguin,那是我唯一的企鵝,02_Races/Thraddash.md,210
the Firm,本商號,02_Races/Druuge.md,210
the Path of Now and Forever,現在與永恆之道,07_Glossary/Master_Glossary.md,354
the Vault,庇護所,03_Characters/Talana.md,69
the dark continent of Funt,放特黑暗大陸,02_Races/Thraddash.md,184
the effectuators,執行者,02_Races/Supox.md,177
"the pale, tasteless light of your wan home star",您病弱母星之蒼白無味的光線,02_Races/Supox.md,200
the process,融合工程,02_Races/Chenjesu.md,106
the source,源初,02_Races/Mycon.md,141
thermal blanket,保溫毯,02_Races/Dnyarri.md,162
thrusting stinger tongue attack,舌刺穿刺攻擊／舌刺攻擊,02_Races/Zoq_Fot_Pik.md,154
toast your tootsies,烤焦你的腳趾頭,02_Races/Thraddash.md,201
tractor beam,牽引光束,02_Races/Chmmr.md,119
umgah,黏團,09_AI_Prompt/Translate_Dialogue.md,191
un-Voidable Non,不可虛化的 Non,02_Races/Mycon.md,128
urquan,對白格式,09_AI_Prompt/Translate_Dialogue.md,194
vale of tears,淚谷,02_Races/Druuge.md,192
vapor city,灰飛煙滅,07_Glossary/Master_Glossary.md,481
vapor city,化為蒸氣的城市,08_Translation_Rules/Style_Guide.md,165
vapor city,化為蒸氣,09_AI_Prompt/Translate_Dialogue.md,543
vapor city,灰飛煙滅,07_Glossary/Fixed_Terms.csv,211
warp nullification field,曲率消除場,02_Races/VUX.md,191
weakling / puny human,弱者／渺小人類,02_Races/Thraddash.md,181
wheat fields,麥田圈,02_Races/Arilou.md,131
wood Jukes / tree Narfs / dorfs,森林朱克獸 / 樹頂納夫獸 / 多爾夫,07_Glossary/Master_Glossary.md,351
worm,蠕蟲,02_Races/VUX.md,121
you fool!,你這笨蛋,02_Races/Zoq_Fot_Pik.md,147
your motives a shimmering crystal,你的動機宛若閃爍的水晶,02_Races/Arilou.md,148
